订单编号,下单时间,店铺名称,店铺ID,店铺所在城市,订单总金额（元）,退款金额（元）,退款商品,商家服务问题
"92953251165886577	","2020-08-25 17:46:31	","美家鲜花店(七夕节预定,生日鲜花，表白鲜花)	","9295325	","岳阳	","259.00	","0.00	",,"用户催单；	"
"90433172718691708	","2020-08-25 12:00:09	","花坞鲜花店(七夕节预定,生日鲜花，表白鲜花)	","9043317	","福州	","259.00	","0.00	",,"用户催单；	"
"93520763982058332	","2020-08-25 11:40:32	","花仙子鲜花店(七夕节预定,生日鲜花，表白鲜花)	","9352076	","西安	","329.00	","0.00	",,"用户催单；	"
"92238720408368023	","2020-08-25 08:26:34	","天天花坊鲜花店(七夕节预定,生日鲜花，表白鲜花)	","9223872	","郴州	","259.00	","0.00	",,"用户催单；	"
"92953250678856768	","2020-08-25 18:24:03	","美家鲜花店(七夕节预定,生日鲜花，表白鲜花)	","9295325	","岳阳	","1319.00	","0.00	",,"用户催单；	"
"93520763123430734	","2020-08-25 12:20:34	","花仙子鲜花店(七夕节预定,生日鲜花，表白鲜花)	","9352076	","西安	","259.00	","0.00	",,"用户催单；	"
"90433170890902196	","2020-08-25 13:15:04	","花坞鲜花店(七夕节预定,生日鲜花，表白鲜花)	","9043317	","福州	","269.00	","0.00	",,"用户催单；	"
"92288651223213925	","2020-08-25 13:47:06	","花知语婚典鲜花店(七夕节预定,生日鲜花，表白鲜花)	","9228865	","龙岩	","259.00	","0.00	",,"用户催单；	"
"92979470358768070	","2020-08-25 09:02:45	","丰颖花艺鲜花店(七夕节预定,生日鲜花，表白鲜花)	","9297947	","辽源	","329.00	","0.00	",,"用户催单；	"
"93520762342655417	","2020-08-25 12:30:11	","花仙子鲜花店(七夕节预定,生日鲜花，表白鲜花)	","9352076	","西安	","259.00	","0.00	",,"用户催单；	"
"90433173774986605	","2020-08-25 13:22:18	","花坞鲜花店(七夕节预定,生日鲜花，表白鲜花)	","9043317	","福州	","259.00	","0.00	",,"用户催单；	"
"92288654016847411	","2020-08-25 13:52:21	","花知语婚典鲜花店(七夕节预定,生日鲜花，表白鲜花)	","9228865	","龙岩	","259.00	","0.00	",,"用户催单；	"
"93520763605089781	","2020-08-25 12:57:41	","花仙子鲜花店(七夕节预定,生日鲜花，表白鲜花)	","9352076	","西安	","269.00	","0.00	",,"用户催单；	"
"93146061269807160	","2020-08-24 14:30:57	","茂业花店鲜花店(七夕节预定,生日鲜花，表白鲜花)	","9314606	","湘西土家族苗族自治州	","259.00	","0.00	",,"用户催单；	"
"92288653968253920	","2020-08-25 14:10:33	","花知语婚典鲜花店(七夕节预定,生日鲜花，表白鲜花)	","9228865	","龙岩	","259.00	","0.00	",,"用户催单；	"
"90433172454686031	","2020-08-25 13:32:52	","花坞鲜花店(七夕节预定,生日鲜花，表白鲜花)	","9043317	","福州	","309.00	","0.00	",,"用户催单；	"
"93520763774986605	","2020-08-25 13:08:06	","花仙子鲜花店(七夕节预定,生日鲜花，表白鲜花)	","9352076	","西安	","519.00	","519.00	","【不离不弃】36枝红玫瑰+1只小熊鲜花礼盒*数量1	","用户催单；	"
"93146062386186755	","2020-08-25 09:35:24	","茂业花店鲜花店(七夕节预定,生日鲜花，表白鲜花)	","9314606	","湘西土家族苗族自治州	","259.00	","0.00	",,"用户催单；	"
"92288653774986605	","2020-08-25 14:20:53	","花知语婚典鲜花店(七夕节预定,生日鲜花，表白鲜花)	","9228865	","龙岩	","259.00	","0.00	",,"用户催单；	"
"93524242386186755	","2020-08-25 16:00:31	","尚品花坊（艾尚花语鲜花店）	","9352424	","上饶	","329.00	","0.00	",,"用户催单；	"
"93146061795091754	","2020-08-25 09:59:06	","茂业花店鲜花店(七夕节预定,生日鲜花，表白鲜花)	","9314606	","湘西土家族苗族自治州	","259.00	","0.00	",,"用户催单；	"
"90433172118209784	","2020-08-25 13:39:04	","花坞鲜花店(七夕节预定,生日鲜花，表白鲜花)	","9043317	","福州	","259.00	","0.00	",,"用户催单；	"
"92288651069511785	","2020-08-25 14:21:35	","花知语婚典鲜花店(七夕节预定,生日鲜花，表白鲜花)	","9228865	","龙岩	","259.00	","0.00	",,"用户催单；	"
"93552733213192828	","2020-08-25 17:29:35	","花香时刻鲜花店(七夕节预定,生日鲜花，表白鲜花)	","9355273	","西安	","559.00	","559.00	","【盛情满满】33枝红玫瑰鲜花网红款抱抱桶*数量1	","缺货导致退款；	"
"93146062141837702	","2020-08-25 10:22:23	","茂业花店鲜花店(七夕节预定,生日鲜花，表白鲜花)	","9314606	","湘西土家族苗族自治州	","259.00	","0.00	",,"用户催单；	"
"92288652529093535	","2020-08-25 15:06:28	","花知语婚典鲜花店(七夕节预定,生日鲜花，表白鲜花)	","9228865	","龙岩	","499.00	","0.00	",,"用户催单；	"
"90433170062270945	","2020-08-25 14:05:26	","花坞鲜花店(七夕节预定,生日鲜花，表白鲜花)	","9043317	","福州	","329.00	","329.00	","【痴爱】19枝粉玫瑰+2只小熊鲜花礼盒*数量1	","商家超时未接单；	"
"93146064016847411	","2020-08-25 10:43:55	","茂业花店鲜花店(七夕节预定,生日鲜花，表白鲜花)	","9314606	","湘西土家族苗族自治州	","269.00	","0.00	",,"用户催单；	"
"92288653152492135	","2020-08-25 18:34:19	","花知语婚典鲜花店(七夕节预定,生日鲜花，表白鲜花)	","9228865	","龙岩	","329.00	","0.00	",,"用户催单；	"
"93552733982058332	","2020-08-25 20:54:04	","花香时刻鲜花店(七夕节预定,生日鲜花，表白鲜花)	","9355273	","西安	","549.00	","0.00	",,"用户催单；	"
"90433170312975728	","2020-08-25 14:35:03	","花坞鲜花店(七夕节预定,生日鲜花，表白鲜花)	","9043317	","福州	","329.00	","0.00	",,"用户催单；	"
"92578210358768070	","2020-08-25 07:58:46	","姐妹鲜花店(七夕节预定,生日鲜花，表白鲜花)	","9257821	","绥化	","329.00	","0.00	",,"用户催单；	"
"93146061294596594	","2020-08-25 12:12:43	","茂业花店鲜花店(七夕节预定,生日鲜花，表白鲜花)	","9314606	","湘西土家族苗族自治州	","259.00	","0.00	",,"用户催单；	"
"93648213382704585	","2020-08-25 15:43:36	","郁花缘鲜花店(七夕节预定,生日鲜花，表白鲜花)	","9364821	","青岛	","509.00	","0.00	",,"拣货超时；	"
"92578213213192828	","2020-08-25 08:34:49	","姐妹鲜花店(七夕节预定,生日鲜花，表白鲜花)	","9257821	","绥化	","259.00	","0.00	",,"用户催单；	"
"90433204016847411	","2020-08-25 16:52:04	","花企网婚庆鲜花店(七夕节预定,生日鲜花，表白鲜花)	","9043320	","泉州	","259.00	","259.00	","【清新海歌】11枝香槟玫瑰鲜花花束-七夕节表白鲜花*数量1	","商家少送错送；	"
"93146063982058332	","2020-08-25 12:17:40	","茂业花店鲜花店(七夕节预定,生日鲜花，表白鲜花)	","9314606	","湘西土家族苗族自治州	","259.00	","0.00	",,"用户催单；	"
"92578212342655417	","2020-08-25 09:09:11	","姐妹鲜花店(七夕节预定,生日鲜花，表白鲜花)	","9257821	","绥化	","259.00	","0.00	",,"用户催单；	"
"93660911037470912	","2020-08-24 22:30:54	","海霞花艺鲜花店(七夕节预定,生日鲜花，表白鲜花)	","9366091	","遵义	","259.00	","259.00	","【爱如初恋】11枝红玫瑰鲜花花束*数量1	","商家少送错送；	"
"93146072386186755	","2020-08-25 11:38:56	","如意花艺鲜花店(七夕节预定,生日鲜花，表白鲜花)	","9314607	","南阳	","299.00	","0.00	",,"用户催单；	"
"92578213774986605	","2020-08-25 10:47:11	","姐妹鲜花店(七夕节预定,生日鲜花，表白鲜花)	","9257821	","绥化	","259.00	","0.00	",,"用户催单；	"
"93660912747374586	","2020-08-24 22:36:55	","海霞花艺鲜花店(七夕节预定,生日鲜花，表白鲜花)	","9366091	","遵义	","259.00	","0.00	",,"用户催单；	"
"92578212118209784	","2020-08-25 11:29:37	","姐妹鲜花店(七夕节预定,生日鲜花，表白鲜花)	","9257821	","绥化	","259.00	","0.00	",,"用户催单；	"
"90433201294596594	","2020-08-25 17:46:23	","花企网婚庆鲜花店(七夕节预定,生日鲜花，表白鲜花)	","9043320	","泉州	","259.00	","259.00	","【爱的骑士】11枝香槟玫瑰鲜花礼盒*数量1	","商家少送错送；	"
"93146083774986605	","2020-08-25 13:32:06	","欣然鲜花店(七夕节预定,生日鲜花，表白鲜花)	","9314608	","唐山	","269.00	","0.00	",,"用户催单；	"
"92578210428454022	","2020-08-25 11:53:47	","姐妹鲜花店(七夕节预定,生日鲜花，表白鲜花)	","9257821	","绥化	","269.00	","0.00	",,"用户催单；	"
"93146082118209784	","2020-08-25 13:57:43	","欣然鲜花店(七夕节预定,生日鲜花，表白鲜花)	","9314608	","唐山	","259.00	","0.00	",,"用户催单；	"
"90433203982058332	","2020-08-25 18:05:18	","花企网婚庆鲜花店(七夕节预定,生日鲜花，表白鲜花)	","9043320	","泉州	","259.00	","0.00	",,"用户催单；	"
"90439963892506751	","2020-08-25 08:56:44	","花间时光(七夕节预定,生日鲜花，表白鲜花)	","9043996	","许昌	","259.00	","0.00	",,"用户催单；	"
"93146081165886577	","2020-08-25 16:11:38	","欣然鲜花店(七夕节预定,生日鲜花，表白鲜花)	","9314608	","唐山	","259.00	","259.00	","【幸福时光】11枝粉玫瑰鲜花花束-七夕节表白鲜花*数量1	","商家拒单；	"
"91279950408368023	","2020-08-25 08:53:45	","柔怡鲜花鲜花店(七夕节预定,生日鲜花，表白鲜花)	","9127995	","烟台	","279.00	","279.00	","【怦然心动】11枝红玫瑰鲜花网红礼盒-七夕节表白鲜花*数量1 + 【许愿灯】点亮人生  单拍不送*数量1	","商家拒单；	"
"90433203968253920	","2020-08-25 18:14:16	","花企网婚庆鲜花店(七夕节预定,生日鲜花，表白鲜花)	","9043320	","泉州	","259.00	","0.00	",,"用户催单；	"
"93193513382704585	","2020-08-25 09:01:34	","花间集鲜花店(七夕节预定,生日鲜花，表白鲜花)	","9319351	","恩施土家族苗族自治州	","259.00	","0.00	",,"用户催单；	"
"92211811677285159	","2020-08-25 08:12:40	","花鲜阁鲜花店(七夕节预定,生日鲜花，表白鲜花)	","9221181	","合肥	","519.00	","0.00	",,"用户催单；	"
"90433200372010069	","2020-08-25 19:59:44	","花企网婚庆鲜花店(七夕节预定,生日鲜花，表白鲜花)	","9043320	","泉州	","259.00	","0.00	",,"用户催单；	"
"93660913470084206	","2020-08-25 00:12:13	","海霞花艺鲜花店(七夕节预定,生日鲜花，表白鲜花)	","9366091	","遵义	","259.00	","259.00	","【四块五的妞】11枝红玫瑰鲜花礼盒-七夕节表白鲜花*数量1	","用户催单；	"
"92211813382704585	","2020-08-25 09:00:01	","花鲜阁鲜花店(七夕节预定,生日鲜花，表白鲜花)	","9221181	","合肥	","259.00	","0.00	",,"用户催单；	"
"93193514016847411	","2020-08-25 10:39:25	","花间集鲜花店(七夕节预定,生日鲜花，表白鲜花)	","9319351	","恩施土家族苗族自治州	","259.00	","0.00	",,"用户催单；	"
"93660912386186755	","2020-08-25 00:25:52	","海霞花艺鲜花店(七夕节预定,生日鲜花，表白鲜花)	","9366091	","遵义	","259.00	","259.00	","【爱如初恋】11枝红玫瑰鲜花花束*数量1	","商家拒单；	"
"90439943470084206	","2020-08-25 03:41:50	","八度花艺(七夕节预定,生日鲜花，表白鲜花)	","9043994	","许昌	","509.00	","509.00	","【一曲相思】33枝红玫瑰鲜花花束-七夕节表白鲜花*数量1	","商家超时未接单；	"
"92211811223213925	","2020-08-25 10:34:47	","花鲜阁鲜花店(七夕节预定,生日鲜花，表白鲜花)	","9221181	","合肥	","299.00	","0.00	",,"用户催单；	"
"93193512342655417	","2020-08-25 13:00:42	","花间集鲜花店(七夕节预定,生日鲜花，表白鲜花)	","9319351	","恩施土家族苗族自治州	","259.00	","259.00	","【四块五的妞】11枝红玫瑰鲜花礼盒-七夕节表白鲜花*数量1	","缺货导致退款；	"
"93660910026515543	","2020-08-25 09:00:41	","海霞花艺鲜花店(七夕节预定,生日鲜花，表白鲜花)	","9366091	","遵义	","259.00	","259.00	","【布拉格爱恋】11枝粉玫瑰鲜花花束-七夕节表白鲜花*数量1	","用户催单；	"
"92211812342655417	","2020-08-25 14:21:57	","花鲜阁鲜花店(七夕节预定,生日鲜花，表白鲜花)	","9221181	","合肥	","339.00	","0.00	",,"用户催单；	"
"93196512141837702	","2020-08-25 12:46:34	","爱尚花坊鲜花店(七夕节预定,生日鲜花，表白鲜花)	","9319651	","呼伦贝尔	","259.00	","0.00	",,"用户催单；	"
"90439942386186755	","2020-08-25 05:38:31	","八度花艺(七夕节预定,生日鲜花，表白鲜花)	","9043994	","许昌	","509.00	","509.00	","【余生都是你】33枝红玫瑰鲜花花束-七夕节表白鲜花*数量1	","商家超时未接单；	"
"93660913213192828	","2020-08-25 09:16:43	","海霞花艺鲜花店(七夕节预定,生日鲜花，表白鲜花)	","9366091	","遵义	","259.00	","0.00	",,"用户催单；	"
"92211810372010069	","2020-08-25 14:28:07	","花鲜阁鲜花店(七夕节预定,生日鲜花，表白鲜花)	","9221181	","合肥	","349.00	","0.00	",,"用户催单；	"
"93196514016847411	","2020-08-25 19:06:50	","爱尚花坊鲜花店(七夕节预定,生日鲜花，表白鲜花)	","9319651	","呼伦贝尔	","259.00	","0.00	",,"用户催单；	"
"90439940358768070	","2020-08-25 08:30:24	","八度花艺(七夕节预定,生日鲜花，表白鲜花)	","9043994	","许昌	","259.00	","0.00	",,"用户催单；	"
"93660910075108782	","2020-08-25 09:53:47	","海霞花艺鲜花店(七夕节预定,生日鲜花，表白鲜花)	","9366091	","遵义	","509.00	","0.00	",,"用户催单；	"
"92211813774986605	","2020-08-25 15:41:27	","花鲜阁鲜花店(七夕节预定,生日鲜花，表白鲜花)	","9221181	","合肥	","259.00	","0.00	",,"用户催单；	"
"93208582141837702	","2020-08-25 16:34:19	","芳香缘鲜花批发(七夕节预定,生日鲜花，表白鲜花)	","9320858	","大连	","229.00	","0.00	",,"用户催单；	"
"90439943213192828	","2020-08-25 09:21:20	","八度花艺(七夕节预定,生日鲜花，表白鲜花)	","9043994	","许昌	","259.00	","0.00	",,"用户催单；	"
"92212380026515543	","2020-08-25 12:30:33	","南园鲜花坊鲜花店(七夕节预定,生日鲜花，表白鲜花)	","9221238	","盘锦	","259.00	","0.00	",,"用户催单；	"
"93208581300204059	","2020-08-25 16:34:36	","芳香缘鲜花批发(七夕节预定,生日鲜花，表白鲜花)	","9320858	","大连	","118.00	","118.00	","【谢师恩 小花束】2枝粉玫瑰（到店自取款）*数量2	","商家拒单；	"
"93660913982058332	","2020-08-25 10:11:09	","海霞花艺鲜花店(七夕节预定,生日鲜花，表白鲜花)	","9366091	","遵义	","299.00	","299.00	","【不变女神】33枝红玫瑰鲜花礼盒*数量1	","商家拒单；	"
"92212383774986605	","2020-08-25 16:17:46	","南园鲜花坊鲜花店(七夕节预定,生日鲜花，表白鲜花)	","9221238	","盘锦	","259.00	","0.00	",,"用户催单；	"
"90439943968253920	","2020-08-25 10:10:22	","八度花艺(七夕节预定,生日鲜花，表白鲜花)	","9043994	","许昌	","259.00	","0.00	",,"用户催单；	"
"93208580358768070	","2020-08-25 16:41:09	","芳香缘鲜花批发(七夕节预定,生日鲜花，表白鲜花)	","9320858	","大连	","259.00	","259.00	","【怦然心动】11枝红玫瑰鲜花网红礼盒-七夕节表白鲜花*数量1	","商家拒单；	"
"93660912718691708	","2020-08-25 10:14:25	","海霞花艺鲜花店(七夕节预定,生日鲜花，表白鲜花)	","9366091	","遵义	","259.00	","0.00	",,"用户催单；	"
"92212393213192828	","2020-08-25 17:04:54	","花仙子	","9221239	","鹤岗	","259.00	","259.00	","【四块五的妞】11枝红玫瑰鲜花礼盒-七夕节表白鲜花*数量1	","缺货导致退款；	"
"93660910372010069	","2020-08-25 10:38:30	","海霞花艺鲜花店(七夕节预定,生日鲜花，表白鲜花)	","9366091	","遵义	","259.00	","0.00	",,"用户催单；	"
"93226280408368023	","2020-08-25 11:45:26	","博文花艺行鲜花店(七夕节预定,生日鲜花，表白鲜花)	","9322628	","郑州	","259.00	","0.00	",,"用户催单；	"
"92212403470084206	","2020-08-25 09:41:28	","印象花坊鲜花店(七夕节预定,生日鲜花，表白鲜花)	","9221240	","潍坊	","259.00	","0.00	",,"用户催单；	"
"90439943123430734	","2020-08-25 10:22:45	","八度花艺(七夕节预定,生日鲜花，表白鲜花)	","9043994	","许昌	","259.00	","0.00	",,"用户催单；	"
"93660911165886577	","2020-08-25 11:22:23	","海霞花艺鲜花店(七夕节预定,生日鲜花，表白鲜花)	","9366091	","遵义	","259.00	","0.00	",,"用户催单；	"
"92212401677285159	","2020-08-25 12:49:51	","印象花坊鲜花店(七夕节预定,生日鲜花，表白鲜花)	","9221240	","潍坊	","289.00	","0.00	",,"用户催单；	"
"93226972529093535	","2020-08-25 14:12:02	","锦上添花鲜花店(七夕节预定,生日鲜花，表白鲜花)	","9322697	","长春	","259.00	","0.00	",,"用户催单；	"
"90439943774986605	","2020-08-25 10:47:51	","八度花艺(七夕节预定,生日鲜花，表白鲜花)	","9043994	","许昌	","259.00	","0.00	",,"用户催单；	"
"93660913900237471	","2020-08-25 11:31:22	","海霞花艺鲜花店(七夕节预定,生日鲜花，表白鲜花)	","9366091	","遵义	","329.00	","0.00	",,"用户催单；	"
"92663370075108782	","2020-08-25 08:59:03	","群芳鲜花店(七夕节预定,生日鲜花，表白鲜花)	","9266337	","泰州	","279.00	","0.00	",,"用户催单；	"
"93226972742513103	","2020-08-25 15:30:06	","锦上添花鲜花店(七夕节预定,生日鲜花，表白鲜花)	","9322697	","长春	","349.00	","0.00	",,"用户催单；	"
"93660911363120396	","2020-08-25 11:31:33	","海霞花艺鲜花店(七夕节预定,生日鲜花，表白鲜花)	","9366091	","遵义	","259.00	","0.00	",,"用户催单；	"
"90439943152492135	","2020-08-25 11:19:29	","八度花艺(七夕节预定,生日鲜花，表白鲜花)	","9043994	","许昌	","259.00	","0.00	",,"用户催单；	"
"92663371294596594	","2020-08-25 09:03:15	","群芳鲜花店(七夕节预定,生日鲜花，表白鲜花)	","9266337	","泰州	","329.00	","0.00	",,"用户催单；	"
"93238423382704585	","2020-08-25 08:17:54	","花无缺鲜花店(七夕节预定,生日鲜花，表白鲜花)	","9323842	","锡林郭勒盟	","259.00	","0.00	",,"用户催单；	"
"93850390408368023	","2020-08-25 06:28:20	","惜缘花业鲜花店(七夕节预定,生日鲜花，表白鲜花)	","9385039	","菏泽	","259.00	","0.00	",,"用户催单；	"
"92663371069511785	","2020-08-25 10:10:29	","群芳鲜花店(七夕节预定,生日鲜花，表白鲜花)	","9266337	","泰州	","259.00	","0.00	",,"用户催单；	"
"90439940428454022	","2020-08-25 11:26:44	","八度花艺(七夕节预定,生日鲜花，表白鲜花)	","9043994	","许昌	","329.00	","0.00	",,"用户催单；	"
"93238423774986605	","2020-08-25 10:07:30	","花无缺鲜花店(七夕节预定,生日鲜花，表白鲜花)	","9323842	","锡林郭勒盟	","259.00	","0.00	",,"用户催单；	"
"93850392386186755	","2020-08-25 10:14:35	","惜缘花业鲜花店(七夕节预定,生日鲜花，表白鲜花)	","9385039	","菏泽	","259.00	","0.00	",,"用户催单；	"
"93850401677285159	","2020-08-25 09:12:59	","鲜花绿植鲜花店(七夕节预定,生日鲜花，表白鲜花)	","9385040	","安阳	","259.00	","0.00	",,"用户催单；	"
"92663370312975728	","2020-08-25 13:46:06	","群芳鲜花店(七夕节预定,生日鲜花，表白鲜花)	","9266337	","泰州	","518.00	","0.00	",,"用户催单；	"
"92882581223213925	","2020-08-25 08:29:43	","花开相爱鲜花店(七夕节预定,生日鲜花，表白鲜花)	","9288258	","吕梁	","509.00	","0.00	",,"用户催单；	"
"90439940472979596	","2020-08-25 17:06:03	","八度花艺(七夕节预定,生日鲜花，表白鲜花)	","9043994	","许昌	","259.00	","0.00	",,"用户催单；	"
"93850403382704585	","2020-08-25 09:20:21	","鲜花绿植鲜花店(七夕节预定,生日鲜花，表白鲜花)	","9385040	","安阳	","269.00	","0.00	",,"用户催单；	"
"92663373900237471	","2020-08-25 13:50:09	","群芳鲜花店(七夕节预定,生日鲜花，表白鲜花)	","9266337	","泰州	","259.00	","0.00	",,"用户催单；	"
"90439942631357360	","2020-08-25 17:32:57	","八度花艺(七夕节预定,生日鲜花，表白鲜花)	","9043994	","许昌	","329.00	","0.00	",,"用户催单；	"
"92882580026515543	","2020-08-25 08:49:23	","花开相爱鲜花店(七夕节预定,生日鲜花，表白鲜花)	","9288258	","吕梁	","329.00	","0.00	",,"用户催单；	"
"93850401300204059	","2020-08-25 09:29:08	","鲜花绿植鲜花店(七夕节预定,生日鲜花，表白鲜花)	","9385040	","安阳	","339.00	","0.00	",,"用户催单；	"
"92663371363120396	","2020-08-25 14:00:51	","群芳鲜花店(七夕节预定,生日鲜花，表白鲜花)	","9266337	","泰州	","259.00	","0.00	",,"用户催单；	"
"90439953049752078	","2020-08-24 20:23:59	","情缘婚庆鲜花店(七夕节预定,生日鲜花，表白鲜花)	","9043995	","南平	","259.00	","0.00	",,"用户催单；	"
"92883230408368023	","2020-08-25 08:26:25	","凤鲜婚庆花艺鲜花店(七夕节预定,生日鲜花，表白鲜花)	","9288323	","益阳	","339.00	","0.00	",,"用户催单；	"
"92663381795091754	","2020-08-25 09:34:57	","流星花@鲜花店(七夕节预定,生日鲜花，表白鲜花)	","9266338	","永州	","259.00	","0.00	",,"用户催单；	"
"93391763892506751	","2020-08-25 11:03:39	","绿之园花卉鲜花店(七夕节预定,生日鲜花，表白鲜花)	","9339176	","永州	","259.00	","0.00	",,"用户催单；	"
"92883233470084206	","2020-08-25 08:30:30	","凤鲜婚庆花艺鲜花店(七夕节预定,生日鲜花，表白鲜花)	","9288323	","益阳	","279.00	","0.00	",,"用户催单；	"
"92663381677285159	","2020-08-25 09:57:25	","流星花@鲜花店(七夕节预定,生日鲜花，表白鲜花)	","9266338	","永州	","259.00	","259.00	","【幸福时光】11枝粉玫瑰鲜花花束-七夕节表白鲜花*数量1	","商家拒单；	"
"90439952718691708	","2020-08-25 11:43:58	","情缘婚庆鲜花店(七夕节预定,生日鲜花，表白鲜花)	","9043995	","南平	","259.00	","0.00	",,"用户催单；	"
"93391762718691708	","2020-08-25 12:59:48	","绿之园花卉鲜花店(七夕节预定,生日鲜花，表白鲜花)	","9339176	","永州	","239.00	","239.00	","【自由精灵】11枝粉康乃馨鲜花花束*数量1	","缺货导致退款；	"
"92663383382704585	","2020-08-25 10:00:03	","流星花@鲜花店(七夕节预定,生日鲜花，表白鲜花)	","9266338	","永州	","259.00	","259.00	","【玉软花柔】11枝粉玫瑰鲜花花束*数量1	","商家拒单；	"
"92883231677285159	","2020-08-25 10:23:09	","凤鲜婚庆花艺鲜花店(七夕节预定,生日鲜花，表白鲜花)	","9288323	","益阳	","269.00	","0.00	",,"用户催单；	"
"93391763968253920	","2020-08-25 13:14:53	","绿之园花卉鲜花店(七夕节预定,生日鲜花，表白鲜花)	","9339176	","永州	","279.00	","0.00	",,"用户催单；	"
"90439953968253920	","2020-08-25 11:47:23	","情缘婚庆鲜花店(七夕节预定,生日鲜花，表白鲜花)	","9043995	","南平	","259.00	","0.00	",,"用户催单；	"
"92663381300204059	","2020-08-25 10:03:14	","流星花@鲜花店(七夕节预定,生日鲜花，表白鲜花)	","9266338	","永州	","259.00	","0.00	",,"用户催单；	"
"92883673470084206	","2020-08-25 12:52:40	","英皇鲜花店(七夕节预定,生日鲜花，表白鲜花)	","9288367	","菏泽	","259.00	","259.00	","【怦然心动】11枝红玫瑰鲜花网红礼盒-七夕节表白鲜花*数量1	","商家拒单；	"
"93391762342655417	","2020-08-25 13:55:27	","绿之园花卉鲜花店(七夕节预定,生日鲜花，表白鲜花)	","9339176	","永州	","329.00	","0.00	",,"用户催单；	"
"92663381223213925	","2020-08-25 10:11:39	","流星花@鲜花店(七夕节预定,生日鲜花，表白鲜花)	","9266338	","永州	","259.00	","259.00	","【布拉格爱恋】11枝粉玫瑰鲜花花束-七夕节表白鲜花*数量1	","商家超时未接单；	"
"90439953774986605	","2020-08-25 13:52:52	","情缘婚庆鲜花店(七夕节预定,生日鲜花，表白鲜花)	","9043995	","南平	","259.00	","0.00	",,"用户催单；	"
"93391773470084206	","2020-08-25 12:00:34	","阳光鲜花店(七夕节预定,生日鲜花，表白鲜花)	","9339177	","保定	","259.00	","0.00	",,"用户催单；	"
"92952841795091754	","2020-08-25 08:40:58	","麦萌花艺生活馆鲜花店(七夕节预定,生日鲜花，表白鲜花)	","9295284	","本溪	","259.00	","0.00	",,"用户催单；	"
"92770613382704585	","2020-08-25 08:55:32	","大拇指婚庆鲜花店(七夕节预定,生日鲜花，表白鲜花)	","9277061	","本溪	","309.00	","0.00	",,"用户催单；	"
"93425353470084206	","2020-08-25 07:16:43	","晶晶花艺鲜花店(七夕节预定,生日鲜花，表白鲜花)	","9342535	","漯河	","259.00	","0.00	",,"用户催单；	"
"92770611300204059	","2020-08-25 09:27:18	","大拇指婚庆鲜花店(七夕节预定,生日鲜花，表白鲜花)	","9277061	","本溪	","329.00	","0.00	",,"用户催单；	"
"92952840358768070	","2020-08-25 12:17:06	","麦萌花艺生活馆鲜花店(七夕节预定,生日鲜花，表白鲜花)	","9295284	","本溪	","269.00	","0.00	",,"用户催单；	"
"90433101795091754	","2020-08-25 11:47:13	","元花店鲜花礼品鲜花店(七夕节预定,生日鲜花，表白鲜花)	","9043310	","长春	","259.00	","0.00	",,"用户催单；	"
"93425352386186755	","2020-08-25 09:05:45	","晶晶花艺鲜花店(七夕节预定,生日鲜花，表白鲜花)	","9342535	","漯河	","259.00	","0.00	",,"用户催单；	"
"92770611294596594	","2020-08-25 12:17:03	","大拇指婚庆鲜花店(七夕节预定,生日鲜花，表白鲜花)	","9277061	","本溪	","1299.00	","0.00	",,"用户催单；	"
"92952843892506751	","2020-08-25 13:54:59	","麦萌花艺生活馆鲜花店(七夕节预定,生日鲜花，表白鲜花)	","9295284	","本溪	","359.00	","0.00	",,"用户催单；	"
"92578291795091754	","2020-08-25 11:33:41	","1°花艺礼品(七夕节预定,生日鲜花，表白鲜花)	","9257829	","安康	","329.00	","0.00	",,"用户催单；	"
"90433101677285159	","2020-08-25 12:13:55	","元花店鲜花礼品鲜花店(七夕节预定,生日鲜花，表白鲜花)	","9043310	","长春	","259.00	","0.00	",,"用户催单；	"
"92952862386186755	","2020-08-25 07:10:13	","婉苑鲜花鲜花店(七夕节预定,生日鲜花，表白鲜花)	","9295286	","齐齐哈尔	","349.00	","0.00	",,"用户催单；	"
"93425350358768070	","2020-08-25 12:50:46	","晶晶花艺鲜花店(七夕节预定,生日鲜花，表白鲜花)	","9342535	","漯河	","259.00	","0.00	",,"用户催单；	"
"92636051677285159	","2020-08-25 08:22:16	","都市花乡鲜花店(七夕节预定,生日鲜花，表白鲜花)	","9263605	","朝阳	","509.00	","0.00	",,"用户催单；	"
"93425353892506751	","2020-08-25 13:22:08	","晶晶花艺鲜花店(七夕节预定,生日鲜花，表白鲜花)	","9342535	","漯河	","259.00	","0.00	",,"用户催单；	"
"92953251601381307	","2020-08-24 18:13:23	","美家鲜花店(七夕节预定,生日鲜花，表白鲜花)	","9295325	","岳阳	","259.00	","0.00	",,"用户催单；	"
"90433133470084206	","2020-08-25 08:13:23	","浪漫主题花艺(七夕节预定,生日鲜花，表白鲜花)	","9043313	","佳木斯	","329.00	","0.00	",,"用户催单；	"
"92636053382704585	","2020-08-25 08:39:39	","都市花乡鲜花店(七夕节预定,生日鲜花，表白鲜花)	","9263605	","朝阳	","259.00	","0.00	",,"用户催单；	"
"93425351069511785	","2020-08-25 18:31:49	","晶晶花艺鲜花店(七夕节预定,生日鲜花，表白鲜花)	","9342535	","漯河	","259.00	","0.00	",,"用户催单；	"
"92953253593937914	","2020-08-24 19:46:57	","美家鲜花店(七夕节预定,生日鲜花，表白鲜花)	","9295325	","岳阳	","259.00	","0.00	",,"用户催单；	"
"92636053213192828	","2020-08-25 13:25:48	","都市花乡鲜花店(七夕节预定,生日鲜花，表白鲜花)	","9263605	","朝阳	","259.00	","259.00	","【怦然心动】11枝粉玫瑰鲜花网红礼盒-七夕节表白鲜花*数量1	","缺货导致退款；	"
"90433132386186755	","2020-08-25 08:21:23	","浪漫主题花艺(七夕节预定,生日鲜花，表白鲜花)	","9043313	","佳木斯	","259.00	","0.00	",,"用户催单；	"
"93458393382704585	","2020-08-25 12:55:11	","花戒鲜花店(七夕节预定,生日鲜花，表白鲜花)	","9345839	","上饶	","599.00	","0.00	",,"用户催单；	"
"92953250408368023	","2020-08-25 06:54:11	","美家鲜花店(七夕节预定,生日鲜花，表白鲜花)	","9295325	","岳阳	","259.00	","0.00	",,"用户催单；	"
"92636053123430734	","2020-08-25 15:50:05	","都市花乡鲜花店(七夕节预定,生日鲜花，表白鲜花)	","9263605	","朝阳	","509.00	","0.00	",,"用户催单；	"
"90433130062270945	","2020-08-25 18:45:02	","浪漫主题花艺(七夕节预定,生日鲜花，表白鲜花)	","9043313	","佳木斯	","259.00	","259.00	","【粉色公主】11枝粉玫瑰鲜花礼盒-七夕节表白鲜花*数量1	","商家拒单；	"
"93458394016847411	","2020-08-25 19:53:20	","花戒鲜花店(七夕节预定,生日鲜花，表白鲜花)	","9345839	","上饶	","259.00	","0.00	",,"用户催单；	"
"92953252454686031	","2020-08-25 16:14:35	","美家鲜花店(七夕节预定,生日鲜花，表白鲜花)	","9295325	","岳阳	","259.00	","0.00	",,"用户催单；	"
"92636053605089781	","2020-08-25 16:12:17	","都市花乡鲜花店(七夕节预定,生日鲜花，表白鲜花)	","9263605	","朝阳	","259.00	","0.00	",,"用户催单；	"
"93498683892506751	","2020-08-25 14:10:24	","花世界迷尔鲜花店(七夕节预定,生日鲜花，表白鲜花)	","9349868	","长春	","259.00	","0.00	",,"拣货超时；	"
"90433140358768070	","2020-08-25 13:24:37	","茗蔓花艺(七夕节预定,生日鲜花，表白鲜花)	","9043314	","石家庄	","259.00	","0.00	",,"用户催单；	"
"92638323892506751	","2020-08-25 11:09:12	","花语鲜鲜花店(七夕节预定,生日鲜花，表白鲜花)	","9263832	","葫芦岛	","259.00	","0.00	",,"用户催单；	"
"92770610372010069	","2020-08-25 13:47:53	","大拇指婚庆鲜花店(七夕节预定,生日鲜花，表白鲜花)	","9277061	","本溪	","379.00	","379.00	","【此生不换】19枝红玫瑰鲜花手提花篮*数量1	","商家拒单；	"
"93498680075108782	","2020-08-25 16:46:14	","花世界迷尔鲜花店(七夕节预定,生日鲜花，表白鲜花)	","9349868	","长春	","509.00	","0.00	",,"拣货超时；	"
"92638320026515543	","2020-08-25 11:10:03	","花语鲜鲜花店(七夕节预定,生日鲜花，表白鲜花)	","9263832	","葫芦岛	","259.00	","0.00	",,"用户催单；	"
"92770613605089781	","2020-08-25 14:42:59	","大拇指婚庆鲜花店(七夕节预定,生日鲜花，表白鲜花)	","9277061	","本溪	","259.00	","0.00	",,"用户催单；	"
"90433144016847411	","2020-08-25 16:24:02	","茗蔓花艺(七夕节预定,生日鲜花，表白鲜花)	","9043314	","石家庄	","259.00	","0.00	",,"用户催单；	"
"93238421165886577	","2020-08-25 10:42:40	","花无缺鲜花店(七夕节预定,生日鲜花，表白鲜花)	","9323842	","锡林郭勒盟	","259.00	","0.00	",,"用户催单；	"
"92638323213192828	","2020-08-25 11:57:05	","花语鲜鲜花店(七夕节预定,生日鲜花，表白鲜花)	","9263832	","葫芦岛	","259.00	","0.00	",,"用户催单；	"
"92770612529093535	","2020-08-25 18:49:56	","大拇指婚庆鲜花店(七夕节预定,生日鲜花，表白鲜花)	","9277061	","本溪	","269.00	","0.00	",,"用户催单；	"
"90433143982058332	","2020-08-25 22:00:47	","茗蔓花艺(七夕节预定,生日鲜花，表白鲜花)	","9043314	","石家庄	","264.00	","264.00	","【爱如初恋】11枝红玫瑰鲜花花束*数量1	","商家拒单；	"
"93238420678856768	","2020-08-25 10:47:24	","花无缺鲜花店(七夕节预定,生日鲜花，表白鲜花)	","9323842	","锡林郭勒盟	","259.00	","0.00	",,"用户催单；	"
"92638323982058332	","2020-08-25 13:23:05	","花语鲜鲜花店(七夕节预定,生日鲜花，表白鲜花)	","9263832	","葫芦岛	","339.00	","339.00	","【未来可期】19枝红玫瑰鲜花礼盒*数量1	","用户催单；	"
"92770610678856768	","2020-08-25 21:00:20	","大拇指婚庆鲜花店(七夕节预定,生日鲜花，表白鲜花)	","9277061	","本溪	","259.00	","259.00	","【花开相爱】11枝红玫瑰鲜花花束-七夕节表白鲜花*数量1	","商家拒单；	"
"93387082386186755	","2020-08-25 11:13:26	","恒海鲜花店(七夕节预定,生日鲜花，表白鲜花)	","9338708	","滨州	","259.00	","259.00	","【春风十里】11枝红玫瑰鲜花礼盒-七夕节表白鲜花*数量1	","商家少送错送；	"
"90433173736842411	","2020-08-24 08:10:45	","花坞鲜花店(七夕节预定,生日鲜花，表白鲜花)	","9043317	","福州	","309.00	","0.00	",,"用户催单；	"
"92638323968253920	","2020-08-25 14:07:32	","花语鲜鲜花店(七夕节预定,生日鲜花，表白鲜花)	","9263832	","葫芦岛	","309.00	","5.92	","【许愿灯】点亮人生  单拍不送*数量1	","缺货导致退款；	"
"92802571300204059	","2020-08-25 11:49:39	","百花庄花卉鲜花店(七夕节预定,生日鲜花，表白鲜花)	","9280257	","益阳	","259.00	","0.00	",,"用户催单；	"
"93387080358768070	","2020-08-25 17:56:46	","恒海鲜花店(七夕节预定,生日鲜花，表白鲜花)	","9338708	","滨州	","329.00	","0.00	",,"用户催单；	"
"92638322342655417	","2020-08-25 15:14:20	","花语鲜鲜花店(七夕节预定,生日鲜花，表白鲜花)	","9263832	","葫芦岛	","509.00	","0.00	",,"用户催单；	"
"90433171677285159	","2020-08-25 09:21:51	","花坞鲜花店(七夕节预定,生日鲜花，表白鲜花)	","9043317	","福州	","309.00	","0.00	",,"用户催单；	"
"92802570358768070	","2020-08-25 11:53:36	","百花庄花卉鲜花店(七夕节预定,生日鲜花，表白鲜花)	","9280257	","益阳	","259.00	","0.00	",,"用户催单；	"
"93387081223213925	","2020-08-25 18:06:01	","恒海鲜花店(七夕节预定,生日鲜花，表白鲜花)	","9338708	","滨州	","259.00	","0.00	",,"用户催单；	"
"92638320372010069	","2020-08-25 20:00:45	","花语鲜鲜花店(七夕节预定,生日鲜花，表白鲜花)	","9263832	","葫芦岛	","259.00	","0.00	",,"用户催单；	"
"93387083213192828	","2020-08-25 18:54:36	","恒海鲜花店(七夕节预定,生日鲜花，表白鲜花)	","9338708	","滨州	","329.00	","0.00	",,"用户催单；	"
"90433172141837702	","2020-08-25 09:28:14	","花坞鲜花店(七夕节预定,生日鲜花，表白鲜花)	","9043317	","福州	","319.00	","0.00	",,"用户催单；	"
"92802573213192828	","2020-08-25 15:39:04	","百花庄花卉鲜花店(七夕节预定,生日鲜花，表白鲜花)	","9280257	","益阳	","259.00	","0.00	",,"用户催单；	"
"90242783382704585	","2020-08-25 08:35:16	","友新意鲜花坊(七夕节预定,生日鲜花，表白鲜花)	","9024278	","西安	","287.00	","0.00	",,"用户催单；	"
"93387091300204059	","2020-08-25 16:41:23	","开封市玺花诚园艺有限公司鲜花店(七夕节预定,生日鲜花，表白鲜花)	","9338709	","开封	","259.00	","0.00	",,"用户催单；	"
"90242781300204059	","2020-08-25 08:45:08	","友新意鲜花坊(七夕节预定,生日鲜花，表白鲜花)	","9024278	","西安	","259.00	","0.00	",,"用户催单；	"
"92882561300204059	","2020-08-25 15:02:34	","长华花店鲜花店(七夕节预定,生日鲜花，表白鲜花)	","9288256	","抚州	","259.00	","259.00	","【粉色公主】11枝粉玫瑰鲜花礼盒-七夕节表白鲜花*数量1	","商家拒单；	"
"90433170358768070	","2020-08-25 10:09:58	","花坞鲜花店(七夕节预定,生日鲜花，表白鲜花)	","9043317	","福州	","309.00	","0.00	",,"用户催单；	"
"93387091223213925	","2020-08-25 17:48:43	","开封市玺花诚园艺有限公司鲜花店(七夕节预定,生日鲜花，表白鲜花)	","9338709	","开封	","279.00	","0.00	",,"用户催单；	"
"90242780358768070	","2020-08-25 08:54:47	","友新意鲜花坊(七夕节预定,生日鲜花，表白鲜花)	","9024278	","西安	","329.00	","0.00	",,"用户催单；	"
"92882563892506751	","2020-08-25 18:10:32	","长华花店鲜花店(七夕节预定,生日鲜花，表白鲜花)	","9288256	","抚州	","329.00	","329.00	","【如梦】19枝红玫瑰鲜花花束-七夕节表白鲜花*数量1	","商家拒单；	"
"90433173892506751	","2020-08-25 11:12:24	","花坞鲜花店(七夕节预定,生日鲜花，表白鲜花)	","9043317	","福州	","259.00	","0.00	",,"用户催单；	"
"93387943470084206	","2020-08-25 08:38:06	","喜乐四季花卉鲜花店(七夕节预定,生日鲜花，表白鲜花)	","9338794	","开封	","269.00	","0.00	",,"用户催单；	"
"90242781223213925	","2020-08-25 08:59:04	","友新意鲜花坊(七夕节预定,生日鲜花，表白鲜花)	","9024278	","西安	","259.00	","0.00	",,"用户催单；	"
"92882560026515543	","2020-08-25 18:11:51	","长华花店鲜花店(七夕节预定,生日鲜花，表白鲜花)	","9288256	","抚州	","259.00	","259.00	","【粉色公主】11枝粉玫瑰鲜花礼盒-七夕节表白鲜花*数量1	","商家拒单；	"
"93387943382704585	","2020-08-25 12:01:28	","喜乐四季花卉鲜花店(七夕节预定,生日鲜花，表白鲜花)	","9338794	","开封	","259.00	","0.00	",,"用户催单；	"
"90433173982058332	","2020-08-25 11:51:47	","花坞鲜花店(七夕节预定,生日鲜花，表白鲜花)	","9043317	","福州	","319.00	","0.00	",,"用户催单；	"
"90242784016847411	","2020-08-25 09:05:56	","友新意鲜花坊(七夕节预定,生日鲜花，表白鲜花)	","9024278	","西安	","259.00	","0.00	",,"用户催单；	"
"92882580597893318	","2020-08-24 19:12:35	","花开相爱鲜花店(七夕节预定,生日鲜花，表白鲜花)	","9288258	","吕梁	","259.00	","259.00	","【怦然心动】11枝粉玫瑰鲜花网红礼盒-七夕节表白鲜花*数量1	","缺货导致退款；	"
"93387940358768070	","2020-08-25 15:33:34	","喜乐四季花卉鲜花店(七夕节预定,生日鲜花，表白鲜花)	","9338794	","开封	","259.00	","0.00	",,"用户催单；	"
"90242780075108782	","2020-08-25 09:19:40	","友新意鲜花坊(七夕节预定,生日鲜花，表白鲜花)	","9024278	","西安	","298.00	","0.00	",,"用户催单；	"
"92882582888743183	","2020-08-24 19:59:41	","花开相爱鲜花店(七夕节预定,生日鲜花，表白鲜花)	","9288258	","吕梁	","519.00	","0.00	",,"用户催单；	"
"90242781294596594	","2020-08-25 09:26:38	","友新意鲜花坊(七夕节预定,生日鲜花，表白鲜花)	","9024278	","西安	","548.00	","0.00	",,"用户催单；	"
"93387940026515543	","2020-08-25 18:16:50	","喜乐四季花卉鲜花店(七夕节预定,生日鲜花，表白鲜花)	","9338794	","开封	","269.00	","0.00	",,"用户催单；	"
"92882580358768070	","2020-08-25 08:17:57	","花开相爱鲜花店(七夕节预定,生日鲜花，表白鲜花)	","9288258	","吕梁	","259.00	","0.00	",,"用户催单；	"
"90242783982058332	","2020-08-25 09:37:36	","友新意鲜花坊(七夕节预定,生日鲜花，表白鲜花)	","9024278	","西安	","298.00	","298.00	","【爱如初恋】11枝红玫瑰鲜花花束*数量1	","商家超时未接单；	"
"93391761677285159	","2020-08-25 08:49:23	","绿之园花卉鲜花店(七夕节预定,生日鲜花，表白鲜花)	","9339176	","永州	","259.00	","0.00	",,"用户催单；	"
"90242783968253920	","2020-08-25 09:49:06	","友新意鲜花坊(七夕节预定,生日鲜花，表白鲜花)	","9024278	","西安	","517.00	","517.00	","【初识你名】33枝粉玫瑰鲜花花束*数量1	","商家超时未接单；	"
"90242780372010069	","2020-08-25 15:45:12	","友新意鲜花坊(七夕节预定,生日鲜花，表白鲜花)	","9024278	","西安	","259.00	","0.00	",,"用户催单；	"
"90242783152492135	","2020-08-25 18:08:11	","友新意鲜花坊(七夕节预定,生日鲜花，表白鲜花)	","9024278	","西安	","259.00	","259.00	","【清新海歌】11枝香槟玫瑰鲜花花束-七夕节表白鲜花*数量1	","商家超时未接单；	"
"90433081269807160	","2020-08-24 17:12:12	","时初花艺鲜花店(七夕节预定,生日鲜花，表白鲜花)	","9043308	","咸阳	","259.00	","0.00	",,"用户催单；	"
"90433103049752078	","2020-08-24 17:53:50	","元花店鲜花礼品鲜花店(七夕节预定,生日鲜花，表白鲜花)	","9043310	","长春	","509.00	","509.00	","【不变女神】33枝红玫瑰鲜花礼盒-七夕节表白鲜花*数量1	","商家超时未接单；	"
"94826322718691708	","2020-08-25 11:37:10	","幸福花园鲜花店(七夕节预定,生日鲜花，表白鲜花)	","9482632	","郴州	","259.00	","0.00	",,"用户催单；	"
"95694221069511785	","2020-08-25 15:15:36	","唯美花艺鲜花店(七夕节预定,生日鲜花，表白鲜花)	","9569422	","铜仁	","259.00	","0.00	",,"用户催单；	"
"94794640358768070	","2020-08-25 13:44:25	","99花艺鲜花店(七夕节预定,生日鲜花，表白鲜花)	","9479464	","南平	","259.00	","259.00	","【浪漫宣言】11枝红玫瑰+2只小熊鲜花礼盒*数量1	","商家超时未接单；	"
"94278870372010069	","2020-08-25 14:56:13	","花之恋果之园鲜花店(七夕节预定,生日鲜花，表白鲜花)	","9427887	","青岛	","259.00	","0.00	",,"用户催单；	"
"94794640372010069	","2020-08-25 21:30:20	","99花艺鲜花店(七夕节预定,生日鲜花，表白鲜花)	","9479464	","南平	","259.00	","259.00	","【布拉格爱恋】11枝粉玫瑰鲜花花束-七夕节表白鲜花*数量1	","商家拒单；	"
"94826323968253920	","2020-08-25 11:48:00	","幸福花园鲜花店(七夕节预定,生日鲜花，表白鲜花)	","9482632	","郴州	","259.00	","0.00	",,"用户催单；	"
"95694220428454022	","2020-08-25 15:37:02	","唯美花艺鲜花店(七夕节预定,生日鲜花，表白鲜花)	","9569422	","铜仁	","259.00	","0.00	",,"用户催单；	"
"94278873774986605	","2020-08-25 15:17:13	","花之恋果之园鲜花店(七夕节预定,生日鲜花，表白鲜花)	","9427887	","青岛	","529.00	","0.00	",,"用户催单；	"
"94794643605089781	","2020-08-25 21:34:23	","99花艺鲜花店(七夕节预定,生日鲜花，表白鲜花)	","9479464	","南平	","289.00	","289.00	","【浪漫心情】19枝红玫瑰鲜花礼盒*数量1	","商家拒单；	"
"95694221165886577	","2020-08-25 15:41:35	","唯美花艺鲜花店(七夕节预定,生日鲜花，表白鲜花)	","9569422	","铜仁	","259.00	","0.00	",,"用户催单；	"
"94794643774986605	","2020-08-25 21:37:32	","99花艺鲜花店(七夕节预定,生日鲜花，表白鲜花)	","9479464	","南平	","599.00	","599.00	","【纯洁相思】33枝粉玫瑰鲜花礼盒*数量1	","商家少送错送；用户催单；	"
"94278872454686031	","2020-08-25 15:27:48	","花之恋果之园鲜花店(七夕节预定,生日鲜花，表白鲜花)	","9427887	","青岛	","259.00	","259.00	","【爱如初恋】11枝红玫瑰鲜花花束*数量1	","用户催单；	"
"94826320890902196	","2020-08-25 12:27:08	","幸福花园鲜花店(七夕节预定,生日鲜花，表白鲜花)	","9482632	","郴州	","259.00	","0.00	",,"用户催单；	"
"95694222742513103	","2020-08-25 18:03:13	","唯美花艺鲜花店(七夕节预定,生日鲜花，表白鲜花)	","9569422	","铜仁	","259.00	","0.00	",,"用户催单；	"
"94278901223213925	","2020-08-25 13:51:36	","上辰花店鲜花店(七夕节预定,生日鲜花，表白鲜花)	","9427890	","泉州	","259.00	","0.00	",,"用户催单；	"
"94839321223213925	","2020-08-25 09:32:25	","品茗鲜花店(七夕节预定,生日鲜花，表白鲜花)	","9483932	","永州	","259.00	","0.00	",,"用户催单；	"
"94798811300204059	","2020-08-25 12:15:52	","鲜花朵朵鲜花店(七夕节预定,生日鲜花，表白鲜花)	","9479881	","舟山	","329.00	","0.00	",,"用户催单；	"
"94278900026515543	","2020-08-25 14:30:45	","上辰花店鲜花店(七夕节预定,生日鲜花，表白鲜花)	","9427890	","泉州	","259.00	","0.00	",,"用户催单；	"
"95694222501118848	","2020-08-25 18:07:32	","唯美花艺鲜花店(七夕节预定,生日鲜花，表白鲜花)	","9569422	","铜仁	","259.00	","0.00	",,"用户催单；	"
"94798811223213925	","2020-08-25 12:36:40	","鲜花朵朵鲜花店(七夕节预定,生日鲜花，表白鲜花)	","9479881	","舟山	","259.00	","0.00	",,"用户催单；	"
"94839322342655417	","2020-08-25 15:45:09	","品茗鲜花店(七夕节预定,生日鲜花，表白鲜花)	","9483932	","永州	","259.00	","0.00	",,"用户催单；	"
"94798810026515543	","2020-08-25 12:43:57	","鲜花朵朵鲜花店(七夕节预定,生日鲜花，表白鲜花)	","9479881	","舟山	","259.00	","259.00	","【春风十里】11枝红玫瑰鲜花礼盒-七夕节表白鲜花*数量1	","用户催单；	"
"94278903213192828	","2020-08-25 14:41:11	","上辰花店鲜花店(七夕节预定,生日鲜花，表白鲜花)	","9427890	","泉州	","259.00	","0.00	",,"用户催单；	"
"95784213470084206	","2020-08-25 08:22:21	","花幻之境鲜花店(七夕节预定,生日鲜花，表白鲜花)	","9578421	","安阳	","259.00	","0.00	",,"用户催单；	"
"94798813213192828	","2020-08-25 12:45:15	","鲜花朵朵鲜花店(七夕节预定,生日鲜花，表白鲜花)	","9479881	","舟山	","289.00	","0.00	",,"用户催单；	"
"94839321069511785	","2020-08-25 15:57:07	","品茗鲜花店(七夕节预定,生日鲜花，表白鲜花)	","9483932	","永州	","259.00	","259.00	","【幸福时光】11枝粉玫瑰鲜花花束-七夕节表白鲜花*数量1	","商家少送错送；	"
"94278901294596594	","2020-08-25 14:50:53	","上辰花店鲜花店(七夕节预定,生日鲜花，表白鲜花)	","9427890	","泉州	","259.00	","0.00	",,"用户催单；	"
"94798810075108782	","2020-08-25 12:46:46	","鲜花朵朵鲜花店(七夕节预定,生日鲜花，表白鲜花)	","9479881	","舟山	","259.00	","0.00	",,"用户催单；	"
"95784213382704585	","2020-08-25 13:08:47	","花幻之境鲜花店(七夕节预定,生日鲜花，表白鲜花)	","9578421	","安阳	","259.00	","0.00	",,"用户催单；	"
"94798812718691708	","2020-08-25 14:25:38	","鲜花朵朵鲜花店(七夕节预定,生日鲜花，表白鲜花)	","9479881	","舟山	","259.00	","259.00	","【幸福时光】11枝粉玫瑰鲜花花束-七夕节表白鲜花*数量1	","商家超时未接单；	"
"94839322454686031	","2020-08-25 16:42:39	","品茗鲜花店(七夕节预定,生日鲜花，表白鲜花)	","9483932	","永州	","899.00	","899.00	","【就是爱你】52枝红玫瑰皇冠黑纱鲜花花束-七夕节表白鲜花*数量1	","商家超时未接单；	"
"94798813968253920	","2020-08-25 14:25:57	","鲜花朵朵鲜花店(七夕节预定,生日鲜花，表白鲜花)	","9479881	","舟山	","279.00	","0.00	",,"用户催单；	"
"94278903982058332	","2020-08-25 14:54:51	","上辰花店鲜花店(七夕节预定,生日鲜花，表白鲜花)	","9427890	","泉州	","329.00	","0.00	",,"用户催单；	"
"95784212141837702	","2020-08-25 13:16:35	","花幻之境鲜花店(七夕节预定,生日鲜花，表白鲜花)	","9578421	","安阳	","259.00	","0.00	",,"用户催单；	"
"94798813123430734	","2020-08-25 14:35:18	","鲜花朵朵鲜花店(七夕节预定,生日鲜花，表白鲜花)	","9479881	","舟山	","259.00	","0.00	",,"用户催单；	"
"95235802386186755	","2020-08-25 13:22:31	","甜蜜花坊鲜花店(七夕节预定,生日鲜花，表白鲜花)	","9523580	","大同	","264.00	","0.00	",,"用户催单；	"
"94798810890902196	","2020-08-25 15:24:28	","鲜花朵朵鲜花店(七夕节预定,生日鲜花，表白鲜花)	","9479881	","舟山	","329.00	","0.00	",,"用户催单；	"
"94278903605089781	","2020-08-25 19:37:06	","上辰花店鲜花店(七夕节预定,生日鲜花，表白鲜花)	","9427890	","泉州	","269.00	","0.00	",,"用户催单；	"
"95784211223213925	","2020-08-25 14:54:04	","花幻之境鲜花店(七夕节预定,生日鲜花，表白鲜花)	","9578421	","安阳	","339.00	","0.00	",,"用户催单；	"
"94798813605089781	","2020-08-25 16:29:53	","鲜花朵朵鲜花店(七夕节预定,生日鲜花，表白鲜花)	","9479881	","舟山	","329.00	","329.00	","【盛夏】19枝粉玫瑰鲜花花束毕业季花礼*数量1	","商家超时未接单；	"
"95297580075108782	","2020-08-25 19:19:55	","花之语鲜花店	","9529758	","黄冈	","379.00	","0.00	",,"用户催单；	"
"94278903774986605	","2020-08-25 19:45:04	","上辰花店鲜花店(七夕节预定,生日鲜花，表白鲜花)	","9427890	","泉州	","259.00	","0.00	",,"用户催单；	"
"94826320358768070	","2020-08-25 10:08:29	","幸福花园鲜花店(七夕节预定,生日鲜花，表白鲜花)	","9482632	","郴州	","259.00	","0.00	",,"用户催单；	"
"95784213968253920	","2020-08-25 16:58:35	","花幻之境鲜花店(七夕节预定,生日鲜花，表白鲜花)	","9578421	","安阳	","239.00	","0.00	",,"用户催单；	"
"95297623470084206	","2020-08-25 07:41:31	","爱尚馨缘鲜花店(七夕节预定,生日鲜花，表白鲜花)	","9529762	","长沙	","329.00	","329.00	","【此情不渝】11枝蓝色妖姬鲜花礼盒（真花上色）*数量1	","商家拒单；	"
"94279353382704585	","2020-08-25 08:48:03	","花满庭花艺鲜花店(七夕节预定,生日鲜花，表白鲜花)	","9427935	","莆田	","399.00	","0.00	",,"用户催单；	"
"94712102141837702	","2020-08-25 12:24:38	","先花店鲜花店(七夕节预定,生日鲜花，表白鲜花)	","9471210	","长沙	","259.00	","259.00	","【花开相爱】11枝红玫瑰鲜花花束-七夕节表白鲜花*数量1	","用户催单；	"
"95784213774986605	","2020-08-25 19:48:25	","花幻之境鲜花店(七夕节预定,生日鲜花，表白鲜花)	","9578421	","安阳	","259.00	","0.00	",,"用户催单；	"
"95297622631357360	","2020-08-25 18:51:04	","爱尚馨缘鲜花店(七夕节预定,生日鲜花，表白鲜花)	","9529762	","长沙	","509.00	","0.00	",,"用户催单；	"
"94279350026515543	","2020-08-25 11:47:46	","花满庭花艺鲜花店(七夕节预定,生日鲜花，表白鲜花)	","9427935	","莆田	","259.00	","0.00	",,"用户催单；	"
"94712100358768070	","2020-08-25 13:48:43	","先花店鲜花店(七夕节预定,生日鲜花，表白鲜花)	","9471210	","长沙	","259.00	","0.00	",,"用户催单；	"
"95940413382704585	","2020-08-25 06:50:35	","馨语花艺鲜花店(七夕节预定,生日鲜花，表白鲜花)	","9594041	","仙桃	","279.00	","0.00	",,"用户催单；	"
"94279353968253920	","2020-08-25 13:18:33	","花满庭花艺鲜花店(七夕节预定,生日鲜花，表白鲜花)	","9427935	","莆田	","259.00	","0.00	",,"用户催单；	"
"94712104016847411	","2020-08-25 14:46:00	","先花店鲜花店(七夕节预定,生日鲜花，表白鲜花)	","9471210	","长沙	","259.00	","259.00	","【清新海歌】11枝香槟玫瑰鲜花花束-七夕节表白鲜花*数量1	","用户催单；	"
"95297641269807160	","2020-08-24 03:09:04	","花之坊鲜花店(七夕节预定,生日鲜花，表白鲜花)	","9529764	","哈密地区	","519.00	","0.00	",,"用户催单；	"
"94279350062270945	","2020-08-25 19:44:22	","花满庭花艺鲜花店(七夕节预定,生日鲜花，表白鲜花)	","9427935	","莆田	","259.00	","0.00	",,"用户催单；	"
"95940412529093535	","2020-08-25 12:26:32	","馨语花艺鲜花店(七夕节预定,生日鲜花，表白鲜花)	","9594041	","仙桃	","259.00	","0.00	",,"用户催单；	"
"94712103213192828	","2020-08-25 15:33:27	","先花店鲜花店(七夕节预定,生日鲜花，表白鲜花)	","9471210	","长沙	","259.00	","0.00	",,"用户催单；	"
"95297644235444324	","2020-08-24 14:43:59	","花之坊鲜花店(七夕节预定,生日鲜花，表白鲜花)	","9529764	","哈密地区	","269.00	","0.00	",,"用户催单；	"
"94328343470084206	","2020-08-25 19:47:07	","馨悦花坊鲜花店(七夕节预定,生日鲜花，表白鲜花)	","9432834	","青岛	","329.00	","0.00	",,"用户催单；	"
"94712101294596594	","2020-08-25 15:53:32	","先花店鲜花店(七夕节预定,生日鲜花，表白鲜花)	","9471210	","长沙	","259.00	","0.00	",,"用户催单；	"
"95940410428454022	","2020-08-25 13:05:01	","馨语花艺鲜花店(七夕节预定,生日鲜花，表白鲜花)	","9594041	","仙桃	","259.00	","0.00	",,"用户催单；	"
"94755842386186755	","2020-08-25 11:03:04	","爱美鲜花店(七夕节预定,生日鲜花，表白鲜花)	","9475584	","邵阳	","259.00	","0.00	",,"用户催单；	"
"94156150472979596	","2020-08-25 14:18:46	","一花一木花艺生活馆(七夕节预定,生日鲜花，表白鲜花)	","9415615	","海口	","1299.00	","0.00	",,"拣货超时；	"
"95297642747374586	","2020-08-24 16:22:33	","花之坊鲜花店(七夕节预定,生日鲜花，表白鲜花)	","9529764	","哈密地区	","399.00	","0.00	",,"用户催单；	"
"94755843382704585	","2020-08-25 11:55:05	","爱美鲜花店(七夕节预定,生日鲜花，表白鲜花)	","9475584	","邵阳	","319.00	","319.00	","【深情厚谊】6枝向日葵+11枝粉玫瑰鲜花花束*数量1	","商家拒单；	"
"95940411165886577	","2020-08-25 13:07:54	","馨语花艺鲜花店(七夕节预定,生日鲜花，表白鲜花)	","9594041	","仙桃	","259.00	","0.00	",,"用户催单；	"
"94156152631357360	","2020-08-25 14:52:11	","一花一木花艺生活馆(七夕节预定,生日鲜花，表白鲜花)	","9415615	","海口	","289.00	","0.00	",,"拣货超时；	"
"94755841300204059	","2020-08-25 12:23:56	","爱美鲜花店(七夕节预定,生日鲜花，表白鲜花)	","9475584	","邵阳	","259.00	","0.00	",,"用户催单；	"
"94156152665365337	","2020-08-25 16:13:12	","一花一木花艺生活馆(七夕节预定,生日鲜花，表白鲜花)	","9415615	","海口	","259.00	","0.00	",,"拣货超时；	"
"95297640915830123	","2020-08-24 18:19:54	","花之坊鲜花店(七夕节预定,生日鲜花，表白鲜花)	","9529764	","哈密地区	","239.00	","0.00	",,"用户催单；	"
"94755840358768070	","2020-08-25 12:28:49	","爱美鲜花店(七夕节预定,生日鲜花，表白鲜花)	","9475584	","邵阳	","259.00	","0.00	",,"用户催单；	"
"95940410062270945	","2020-08-25 13:20:14	","馨语花艺鲜花店(七夕节预定,生日鲜花，表白鲜花)	","9594041	","仙桃	","259.00	","0.00	",,"用户催单；	"
"94164972386186755	","2020-08-25 11:52:51	","柳柳花舍鲜花店(七夕节预定,生日鲜花，表白鲜花)	","9416497	","重庆	","349.00	","0.00	",,"用户催单；	"
"94755844016847411	","2020-08-25 12:47:26	","爱美鲜花店(七夕节预定,生日鲜花，表白鲜花)	","9475584	","邵阳	","309.00	","309.00	","【手捧幸福】33枝粉康乃馨鲜花礼盒*数量1	","商家拒单；	"
"94164972718691708	","2020-08-25 15:07:54	","柳柳花舍鲜花店(七夕节预定,生日鲜花，表白鲜花)	","9416497	","重庆	","329.00	","0.00	",,"用户催单；	"
"95298123213192828	","2020-08-25 12:27:38	","微妮初花坊鲜花店(七夕节预定,生日鲜花，表白鲜花)	","9529812	","株洲	","329.00	","0.00	",,"用户催单；	"
"95940413266318408	","2020-08-25 14:12:20	","馨语花艺鲜花店(七夕节预定,生日鲜花，表白鲜花)	","9594041	","仙桃	","259.00	","0.00	",,"用户催单；	"
"94755841294596594	","2020-08-25 13:41:06	","爱美鲜花店(七夕节预定,生日鲜花，表白鲜花)	","9475584	","邵阳	","269.00	","0.00	",,"用户催单；	"
"94164971069511785	","2020-08-25 17:26:06	","柳柳花舍鲜花店(七夕节预定,生日鲜花，表白鲜花)	","9416497	","重庆	","259.00	","0.00	",,"用户催单；	"
"95298121294596594	","2020-08-25 12:45:58	","微妮初花坊鲜花店(七夕节预定,生日鲜花，表白鲜花)	","9529812	","株洲	","259.00	","0.00	",,"用户催单；	"
"95940430408368023	","2020-08-25 00:20:39	","浪漫花屋鲜花店(七夕节预定,生日鲜花，表白鲜花)	","9594043	","邵阳	","259.00	","0.00	",,"用户催单；	"
"94794642386186755	","2020-08-25 09:17:28	","99花艺鲜花店(七夕节预定,生日鲜花，表白鲜花)	","9479464	","南平	","259.00	","0.00	",,"用户催单；	"
"94180802386186755	","2020-08-25 12:23:44	","唯一鲜花店(七夕节预定,生日鲜花，表白鲜花)	","9418080	","临沂	","899.00	","0.00	",,"拣货超时；	"
"95298123968253920	","2020-08-25 13:34:49	","微妮初花坊鲜花店(七夕节预定,生日鲜花，表白鲜花)	","9529812	","株洲	","259.00	","0.00	",,"用户催单；	"
"94794642141837702	","2020-08-25 11:02:45	","99花艺鲜花店(七夕节预定,生日鲜花，表白鲜花)	","9479464	","南平	","259.00	","259.00	","【幸福时光】11枝粉玫瑰鲜花花束-七夕节表白鲜花*数量1	","商家超时未接单；	"
"94180801300204059	","2020-08-25 17:15:41	","唯一鲜花店(七夕节预定,生日鲜花，表白鲜花)	","9418080	","临沂	","259.00	","0.00	",,"拣货超时；	"
"95940432386186755	","2020-08-25 05:53:53	","浪漫花屋鲜花店(七夕节预定,生日鲜花，表白鲜花)	","9594043	","邵阳	","269.00	","0.00	",,"用户催单；	"
"94794641300204059	","2020-08-25 11:48:21	","99花艺鲜花店(七夕节预定,生日鲜花，表白鲜花)	","9479464	","南平	","259.00	","0.00	",,"用户催单；	"
"95298122342655417	","2020-08-25 15:46:08	","微妮初花坊鲜花店(七夕节预定,生日鲜花，表白鲜花)	","9529812	","株洲	","259.00	","0.00	",,"用户催单；	"
"94180803892506751	","2020-08-25 21:04:05	","唯一鲜花店(七夕节预定,生日鲜花，表白鲜花)	","9418080	","临沂	","509.00	","0.00	",,"拣货超时；	"
"95940431795091754	","2020-08-25 07:21:39	","浪漫花屋鲜花店(七夕节预定,生日鲜花，表白鲜花)	","9594043	","邵阳	","329.00	","0.00	",,"用户催单；	"
"94154953470084206	","2020-08-25 14:49:30	","芳雅花艺生活馆	","9415495	","渭南	","259.00	","259.00	","【怦然心动】11枝红玫瑰鲜花网红礼盒-七夕节表白鲜花*数量1	","商家超时未接单；	"
"95298120372010069	","2020-08-25 15:48:33	","微妮初花坊鲜花店(七夕节预定,生日鲜花，表白鲜花)	","9529812	","株洲	","329.00	","0.00	",,"用户催单；	"
"94156111269807160	","2020-08-24 01:25:44	","圣格花艺鲜花店(七夕节预定,生日鲜花，表白鲜花)	","9415611	","佳木斯	","329.00	","329.00	","【如梦】19枝红玫瑰鲜花花束-七夕节表白鲜花*数量1	","商家超时未接单；	"
"94248131677285159	","2020-08-25 11:01:06	","如意鲜花店(七夕节预定,生日鲜花，表白鲜花)	","9424813	","连云港	","329.00	","329.00	","【满心欢喜】11枝粉玫瑰+5朵白百合鲜花花束*数量1	","商家拒单；	"
"95940431223213925	","2020-08-25 08:39:37	","浪漫花屋鲜花店(七夕节预定,生日鲜花，表白鲜花)	","9594043	","邵阳	","509.00	","0.00	",,"用户催单；	"
"95298131795091754	","2020-08-25 09:43:47	","蝶恋花鲜花店(七夕节预定,生日鲜花，表白鲜花)	","9529813	","石家庄	","259.00	","0.00	",,"用户催单；	"
"94156121795091754	","2020-08-25 08:23:01	","利群鲜花批发鲜花店(七夕节预定,生日鲜花，表白鲜花)	","9415612	","青岛	","509.00	","0.00	",,"拣货超时；	"
"96075470408368023	","2020-08-25 08:14:02	","馨语花坊鲜花店(七夕节预定,生日鲜花，表白鲜花)	","9607547	","仙桃	","269.00	","0.00	",,"用户催单；	"
"95298131677285159	","2020-08-25 09:46:40	","蝶恋花鲜花店(七夕节预定,生日鲜花，表白鲜花)	","9529813	","石家庄	","259.00	","0.00	",,"用户催单；	"
"94248132141837702	","2020-08-25 11:28:27	","如意鲜花店(七夕节预定,生日鲜花，表白鲜花)	","9424813	","连云港	","1299.00	","1299.00	","【Queen】99枝粉玫瑰皇冠白纱鲜花花束-七夕节表白鲜花*数量1	","商家拒单；	"
"94156123213192828	","2020-08-25 09:23:34	","利群鲜花批发鲜花店(七夕节预定,生日鲜花，表白鲜花)	","9415612	","青岛	","259.00	","0.00	",,"用户催单；	"
"95298133892506751	","2020-08-25 13:45:53	","蝶恋花鲜花店(七夕节预定,生日鲜花，表白鲜花)	","9529813	","石家庄	","279.00	","0.00	",,"用户催单；	"
"94156121294596594	","2020-08-25 09:40:53	","利群鲜花批发鲜花店(七夕节预定,生日鲜花，表白鲜花)	","9415612	","青岛	","259.00	","0.00	",,"拣货超时；	"
"96076730408368023	","2020-08-25 08:28:32	","相约玫瑰鲜花店(七夕节预定,生日鲜花，表白鲜花)	","9607673	","衡阳	","259.00	","0.00	",,"用户催单；	"
"94248131300204059	","2020-08-25 11:57:47	","如意鲜花店(七夕节预定,生日鲜花，表白鲜花)	","9424813	","连云港	","329.00	","329.00	","【云淡风来】19枝香槟玫瑰鲜花礼盒-七夕节表白鲜花*数量1	","商家拒单；	"
"95298133123430734	","2020-08-25 15:53:17	","蝶恋花鲜花店(七夕节预定,生日鲜花，表白鲜花)	","9529813	","石家庄	","329.00	","0.00	",,"用户催单；	"
"94156122718691708	","2020-08-25 10:06:33	","利群鲜花批发鲜花店(七夕节预定,生日鲜花，表白鲜花)	","9415612	","青岛	","259.00	","0.00	",,"用户催单；	"
"96076731795091754	","2020-08-25 12:49:25	","相约玫瑰鲜花店(七夕节预定,生日鲜花，表白鲜花)	","9607673	","衡阳	","329.00	","0.00	",,"用户催单；	"
"94156122342655417	","2020-08-25 10:59:06	","利群鲜花批发鲜花店(七夕节预定,生日鲜花，表白鲜花)	","9415612	","青岛	","259.00	","0.00	",,"拣货超时；	"
"95298130372010069	","2020-08-25 18:48:29	","蝶恋花鲜花店(七夕节预定,生日鲜花，表白鲜花)	","9529813	","石家庄	","899.00	","899.00	","【真诚的爱】52枝粉玫瑰鲜花花束*数量1	","商家拒单；	"
"94273990890902196	","2020-08-25 09:21:34	","花仙子鲜花店(七夕节预定,生日鲜花，表白鲜花)	","9427399	","吉安	","299.00	","0.00	",,"用户催单；	"
"94156123605089781	","2020-08-25 11:24:16	","利群鲜花批发鲜花店(七夕节预定,生日鲜花，表白鲜花)	","9415612	","青岛	","309.00	","0.00	",,"拣货超时；	"
"96076744016847411	","2020-08-25 03:54:50	","木子花开鲜花店(七夕节预定,生日鲜花，表白鲜花)	","9607674	","玉溪	","382.00	","382.00	","【小幸运】19枝粉玫瑰+粉绣球混搭鲜花花束*数量1	","商家超时未接单；	"
"94156121093934630	","2020-08-25 13:10:13	","利群鲜花批发鲜花店(七夕节预定,生日鲜花，表白鲜花)	","9415612	","青岛	","614.00	","0.00	",,"用户催单；	"
"94278870358768070	","2020-08-25 10:44:14	","花之恋果之园鲜花店(七夕节预定,生日鲜花，表白鲜花)	","9427887	","青岛	","259.00	","0.00	",,"用户催单；	"
"95440293470084206	","2020-08-25 09:47:00	","花儿朵朵鲜花店(七夕节预定,生日鲜花，表白鲜花)	","9544029	","芜湖	","259.00	","0.00	",,"用户催单；	"
"94156122742513103	","2020-08-25 13:32:06	","利群鲜花批发鲜花店(七夕节预定,生日鲜花，表白鲜花)	","9415612	","青岛	","259.00	","0.00	",,"拣货超时；	"
"96076743892506751	","2020-08-25 07:22:57	","木子花开鲜花店(七夕节预定,生日鲜花，表白鲜花)	","9607674	","玉溪	","382.00	","0.00	",,"用户催单；	"
"94389201300204059	","2020-08-25 09:48:31	","拾花间鲜花店(七夕节预定,生日鲜花，表白鲜花)	","9438920	","佛山	","259.00	","0.00	",,"用户催单；	"
"94156151795091754	","2020-08-25 07:17:34	","一花一木花艺生活馆(七夕节预定,生日鲜花，表白鲜花)	","9415615	","海口	","159.00	","0.00	",,"拣货超时；	"
"95440293968253920	","2020-08-25 14:57:24	","花儿朵朵鲜花店(七夕节预定,生日鲜花，表白鲜花)	","9544029	","芜湖	","349.00	","0.00	",,"用户催单；	"
"94389203123430734	","2020-08-25 13:14:06	","拾花间鲜花店(七夕节预定,生日鲜花，表白鲜花)	","9438920	","佛山	","269.00	","269.00	","【蔚蓝星辰】9枝白玫瑰搭配蓝色满天星花束*数量1	","商家拒单；	"
"96076740075108782	","2020-08-25 09:52:58	","木子花开鲜花店(七夕节预定,生日鲜花，表白鲜花)	","9607674	","玉溪	","267.00	","0.00	",,"用户催单；	"
"94156151677285159	","2020-08-25 07:19:06	","一花一木花艺生活馆(七夕节预定,生日鲜花，表白鲜花)	","9415615	","海口	","259.00	","0.00	",,"拣货超时；	"
"95440290372010069	","2020-08-25 15:23:54	","花儿朵朵鲜花店(七夕节预定,生日鲜花，表白鲜花)	","9544029	","芜湖	","399.00	","399.00	","【小幸运】19枝粉玫瑰+粉绣球混搭鲜花花束*数量1	","缺货导致退款；	"
"94389203774986605	","2020-08-25 14:00:05	","拾花间鲜花店(七夕节预定,生日鲜花，表白鲜花)	","9438920	","佛山	","259.00	","259.00	","【浪漫宣言】11枝红玫瑰+2只小熊鲜花礼盒*数量1	","商家拒单；	"
"94156153382704585	","2020-08-25 07:25:25	","一花一木花艺生活馆(七夕节预定,生日鲜花，表白鲜花)	","9415615	","海口	","259.00	","0.00	",,"拣货超时；	"
"94659660408368023	","2020-08-25 16:24:15	","花艺生活馆鲜花店(七夕节预定,生日鲜花，表白鲜花)	","9465966	","贵阳	","329.00	","329.00	","【天使的心跳】19枝粉玫瑰鲜花花束*数量1	","商家超时未接单；	"
"95558811300204059	","2020-08-25 18:02:10	","玖鲜花店(七夕节预定,生日鲜花，表白鲜花)	","9555881	","保定	","379.00	","0.00	",,"用户催单；	"
"96076743968253920	","2020-08-25 15:29:56	","木子花开鲜花店(七夕节预定,生日鲜花，表白鲜花)	","9607674	","玉溪	","262.00	","262.00	","【怦然心动】11枝红玫瑰鲜花网红礼盒-七夕节表白鲜花*数量1	","缺货导致退款；	"
"94156150358768070	","2020-08-25 08:50:01	","一花一木花艺生活馆(七夕节预定,生日鲜花，表白鲜花)	","9415615	","海口	","329.00	","0.00	",,"拣货超时；	"
"94659683470084206	","2020-08-25 12:30:12	","玫瑰之约鲜花礼品鲜花店	","9465968	","安阳	","259.00	","0.00	",,"用户催单；	"
"95694182141837702	","2020-08-25 08:38:55	","浪漫花都鲜花店(七夕节预定,生日鲜花，表白鲜花)	","9569418	","曲靖	","259.00	","0.00	",,"用户催单；	"
"96076743123430734	","2020-08-25 16:27:59	","木子花开鲜花店(七夕节预定,生日鲜花，表白鲜花)	","9607674	","玉溪	","267.00	","0.00	",,"用户催单；	"
"94659691795091754	","2020-08-25 15:26:17	","珊珊家鲜花店(七夕节预定,生日鲜花，表白鲜花)	","9465969	","安阳	","259.00	","259.00	","【梦芭蕾】11枝粉玫瑰鲜花礼盒-七夕节表白鲜花*数量1	","缺货导致退款；	"
"94156154016847411	","2020-08-25 09:01:41	","一花一木花艺生活馆(七夕节预定,生日鲜花，表白鲜花)	","9415615	","海口	","259.00	","0.00	",,"拣货超时；用户催单；	"
"94659690358768070	","2020-08-25 18:38:46	","珊珊家鲜花店(七夕节预定,生日鲜花，表白鲜花)	","9465969	","安阳	","509.00	","0.00	",,"用户催单；	"
"94156151294596594	","2020-08-25 09:22:30	","一花一木花艺生活馆(七夕节预定,生日鲜花，表白鲜花)	","9415615	","海口	","329.00	","0.00	",,"拣货超时；	"
"95558813585519881	","2020-08-26 09:20:38	","玖鲜花店(七夕节预定,生日鲜花，表白鲜花)	","9555881	","保定	","289.00	","0.00	",,"用户催单；	"
"94690493213192828	","2020-08-25 11:21:56	","俊萍花艺鲜花店(七夕节预定,生日鲜花，表白鲜花)	","9469049	","秦皇岛	","259.00	","0.00	",,"用户催单；	"
"94156153982058332	","2020-08-25 09:31:47	","一花一木花艺生活馆(七夕节预定,生日鲜花，表白鲜花)	","9415615	","海口	","688.00	","0.00	",,"用户催单；	"
"95694181300204059	","2020-08-25 09:02:09	","浪漫花都鲜花店(七夕节预定,生日鲜花，表白鲜花)	","9569418	","曲靖	","264.00	","0.00	",,"用户催单；	"
"94690493982058332	","2020-08-25 13:27:25	","俊萍花艺鲜花店(七夕节预定,生日鲜花，表白鲜花)	","9469049	","秦皇岛	","259.00	","259.00	","【春风十里】11枝红玫瑰鲜花礼盒-七夕节表白鲜花*数量1	","用户催单；	"
"95560950408368023	","2020-08-25 06:51:42	","百合鲜花店(七夕节预定,生日鲜花，表白鲜花)	","9556095	","安阳	","259.00	","0.00	",,"用户催单；	"
"94156153123430734	","2020-08-25 09:37:22	","一花一木花艺生活馆(七夕节预定,生日鲜花，表白鲜花)	","9415615	","海口	","688.00	","0.00	",,"拣货超时；	"
"95694180358768070	","2020-08-25 09:52:04	","浪漫花都鲜花店(七夕节预定,生日鲜花，表白鲜花)	","9569418	","曲靖	","399.00	","0.00	",,"用户催单；	"
"94690510408368023	","2020-08-25 06:55:10	","一花一叶花艺鲜花店(七夕节预定,生日鲜花，表白鲜花)	","9469051	","长沙	","604.00	","0.00	",,"用户催单；	"
"94156150372010069	","2020-08-25 09:44:04	","一花一木花艺生活馆(七夕节预定,生日鲜花，表白鲜花)	","9415615	","海口	","498.00	","0.00	",,"拣货超时；	"
"95694181223213925	","2020-08-25 09:59:46	","浪漫花都鲜花店(七夕节预定,生日鲜花，表白鲜花)	","9569418	","曲靖	","269.00	","0.00	",,"用户催单；	"
"95560952386186755	","2020-08-25 08:25:51	","百合鲜花店(七夕节预定,生日鲜花，表白鲜花)	","9556095	","安阳	","259.00	","0.00	",,"用户催单；	"
"94690512141837702	","2020-08-25 10:26:28	","一花一叶花艺鲜花店(七夕节预定,生日鲜花，表白鲜花)	","9469051	","长沙	","269.00	","0.00	",,"用户催单；	"
"94156153605089781	","2020-08-25 10:14:35	","一花一木花艺生活馆(七夕节预定,生日鲜花，表白鲜花)	","9415615	","海口	","126.00	","0.00	",,"拣货超时；	"
"95694183892506751	","2020-08-25 10:13:53	","浪漫花都鲜花店(七夕节预定,生日鲜花，表白鲜花)	","9569418	","曲靖	","259.00	","0.00	",,"用户催单；	"
"94690514016847411	","2020-08-25 15:44:18	","一花一叶花艺鲜花店(七夕节预定,生日鲜花，表白鲜花)	","9469051	","长沙	","269.00	","269.00	","【阳光】6枝向日葵鲜花花束毕业季花礼*数量1	","缺货导致退款；	"
"95560953382704585	","2020-08-25 08:31:32	","百合鲜花店(七夕节预定,生日鲜花，表白鲜花)	","9556095	","安阳	","259.00	","0.00	",,"用户催单；	"
"94156153774986605	","2020-08-25 10:23:21	","一花一木花艺生活馆(七夕节预定,生日鲜花，表白鲜花)	","9415615	","海口	","159.00	","0.00	",,"拣货超时；用户催单；	"
"95694180075108782	","2020-08-25 11:55:07	","浪漫花都鲜花店(七夕节预定,生日鲜花，表白鲜花)	","9569418	","曲靖	","259.00	","259.00	","【春风十里】11枝红玫瑰鲜花礼盒-七夕节表白鲜花*数量1	","商家超时未接单；	"
"94690510075108782	","2020-08-25 17:45:32	","一花一叶花艺鲜花店(七夕节预定,生日鲜花，表白鲜花)	","9469051	","长沙	","528.00	","0.00	",,"用户催单；	"
"94156151069511785	","2020-08-25 10:28:42	","一花一木花艺生活馆(七夕节预定,生日鲜花，表白鲜花)	","9415615	","海口	","259.00	","0.00	",,"拣货超时；	"
"94712101795091754	","2020-08-25 09:54:14	","先花店鲜花店(七夕节预定,生日鲜花，表白鲜花)	","9471210	","长沙	","259.00	","0.00	",,"用户催单；	"
"95560954016847411	","2020-08-25 14:56:03	","百合鲜花店(七夕节预定,生日鲜花，表白鲜花)	","9556095	","安阳	","259.00	","0.00	",,"用户催单；	"
"95694190408368023	","2020-08-25 07:46:18	","倾城鲜花店(七夕节预定,生日鲜花，表白鲜花)	","9569419	","保定	","509.00	","0.00	",,"用户催单；	"
"94156152529093535	","2020-08-25 10:36:50	","一花一木花艺生活馆(七夕节预定,生日鲜花，表白鲜花)	","9415615	","海口	","259.00	","0.00	",,"用户催单；	"
"94712101677285159	","2020-08-25 12:15:28	","先花店鲜花店(七夕节预定,生日鲜花，表白鲜花)	","9471210	","长沙	","259.00	","0.00	",,"用户催单；	"
"94156153152492135	","2020-08-25 10:40:31	","一花一木花艺生活馆(七夕节预定,生日鲜花，表白鲜花)	","9415615	","海口	","329.00	","0.00	",,"拣货超时；	"
"95560961677285159	","2020-08-25 11:38:32	","青青花卉鲜花店(七夕节预定,生日鲜花，表白鲜花)	","9556096	","贵阳	","259.00	","0.00	",,"用户催单；	"
"94328342386186755	","2020-08-25 20:25:25	","馨悦花坊鲜花店(七夕节预定,生日鲜花，表白鲜花)	","9432834	","青岛	","229.00	","0.00	",,"用户催单；	"
"94156151165886577	","2020-08-25 10:58:54	","一花一木花艺生活馆(七夕节预定,生日鲜花，表白鲜花)	","9415615	","海口	","156.00	","0.00	",,"用户催单；	"
"94361213966510833	","2020-08-24 22:17:10	","玉花坊鲜花店(七夕节预定,生日鲜花，表白鲜花)	","9436121	","重庆	","329.00	","0.00	",,"用户催单；	"
"94156153266318408	","2020-08-25 11:26:55	","一花一木花艺生活馆(七夕节预定,生日鲜花，表白鲜花)	","9415615	","海口	","259.00	","0.00	",,"拣货超时；	"
"95560963382704585	","2020-08-25 12:06:29	","青青花卉鲜花店(七夕节预定,生日鲜花，表白鲜花)	","9556096	","贵阳	","329.00	","0.00	",,"用户催单；	"
"94361213382704585	","2020-08-25 11:18:40	","玉花坊鲜花店(七夕节预定,生日鲜花，表白鲜花)	","9436121	","重庆	","499.00	","0.00	",,"用户催单；	"
"94156151363120396	","2020-08-25 13:02:23	","一花一木花艺生活馆(七夕节预定,生日鲜花，表白鲜花)	","9415615	","海口	","259.00	","0.00	",,"拣货超时；	"
"95575410408368023	","2020-08-25 09:40:08	","半亩花田鲜花店(七夕节预定,生日鲜花，表白鲜花)	","9557541	","长治市	","259.00	","0.00	",,"用户催单；	"
"94156151093934630	","2020-08-25 13:04:39	","一花一木花艺生活馆(七夕节预定,生日鲜花，表白鲜花)	","9415615	","海口	","159.00	","0.00	",,"拣货超时；用户催单；	"
"94361212141837702	","2020-08-25 12:07:37	","玉花坊鲜花店(七夕节预定,生日鲜花，表白鲜花)	","9436121	","重庆	","509.00	","0.00	",,"用户催单；	"
"95694193892506751	","2020-08-25 12:38:16	","倾城鲜花店(七夕节预定,生日鲜花，表白鲜花)	","9569419	","保定	","509.00	","0.00	",,"用户催单；	"
"94156152501118848	","2020-08-25 14:10:54	","一花一木花艺生活馆(七夕节预定,生日鲜花，表白鲜花)	","9415615	","海口	","239.00	","0.00	",,"拣货超时；	"
"95575413382704585	","2020-08-25 14:01:11	","半亩花田鲜花店(七夕节预定,生日鲜花，表白鲜花)	","9557541	","长治市	","259.00	","0.00	",,"用户催单；	"
"94361214016847411	","2020-08-25 13:18:11	","玉花坊鲜花店(七夕节预定,生日鲜花，表白鲜花)	","9436121	","重庆	","329.00	","329.00	","【闺蜜】19枝粉玫瑰鲜花花束*数量1	","缺货导致退款；	"
"93852133968253920	","2020-08-25 11:33:48	","娜娜花屋鲜花店(七夕节预定,生日鲜花，表白鲜花)	","9385213	","宝鸡	","259.00	","0.00	",,"用户催单；	"
"95694220408368023	","2020-08-25 00:21:17	","唯美花艺鲜花店(七夕节预定,生日鲜花，表白鲜花)	","9569422	","铜仁	","259.00	","0.00	",,"用户催单；	"
"95575411300204059	","2020-08-25 15:37:42	","半亩花田鲜花店(七夕节预定,生日鲜花，表白鲜花)	","9557541	","长治市	","549.00	","0.00	",,"用户催单；	"
"93852133605089781	","2020-08-25 13:02:12	","娜娜花屋鲜花店(七夕节预定,生日鲜花，表白鲜花)	","9385213	","宝鸡	","259.00	","0.00	",,"用户催单；	"
"94361212718691708	","2020-08-25 16:15:16	","玉花坊鲜花店(七夕节预定,生日鲜花，表白鲜花)	","9436121	","重庆	","259.00	","0.00	",,"用户催单；	"
"95694221795091754	","2020-08-25 08:38:38	","唯美花艺鲜花店(七夕节预定,生日鲜花，表白鲜花)	","9569422	","铜仁	","259.00	","0.00	",,"用户催单；	"
"93852132742513103	","2020-08-25 16:54:46	","娜娜花屋鲜花店(七夕节预定,生日鲜花，表白鲜花)	","9385213	","宝鸡	","259.00	","0.00	",,"用户催单；	"
"95575413213192828	","2020-08-25 17:31:01	","半亩花田鲜花店(七夕节预定,生日鲜花，表白鲜花)	","9557541	","长治市	","259.00	","0.00	",,"用户催单；	"
"94361213968253920	","2020-08-25 16:34:52	","玉花坊鲜花店(七夕节预定,生日鲜花，表白鲜花)	","9436121	","重庆	","259.00	","0.00	",,"用户催单；	"
"95694222141837702	","2020-08-25 09:18:59	","唯美花艺鲜花店(七夕节预定,生日鲜花，表白鲜花)	","9569422	","铜仁	","259.00	","0.00	",,"用户催单；	"
"93853841300204059	","2020-08-25 09:55:33	","简单花艺鲜花店(七夕节预定,生日鲜花，表白鲜花)	","9385384	","黑河	","329.00	","0.00	",,"用户催单；	"
"95694221300204059	","2020-08-25 09:30:29	","唯美花艺鲜花店(七夕节预定,生日鲜花，表白鲜花)	","9569422	","铜仁	","259.00	","0.00	",,"用户催单；	"
"93940792718691708	","2020-08-25 12:46:50	","花言草语鲜花店(七夕节预定,生日鲜花，表白鲜花)	","9394079	","昭通	","259.00	","0.00	",,"用户催单；	"
"95694170408368023	","2020-08-25 18:49:27	","胖子花卉鲜花店(七夕节预定,生日鲜花，表白鲜花)	","9569417	","唐山	","259.00	","259.00	","【玉软花柔】11枝粉玫瑰鲜花花束*数量1	","商家超时未接单；	"
"94361212342655417	","2020-08-25 17:06:56	","玉花坊鲜花店(七夕节预定,生日鲜花，表白鲜花)	","9436121	","重庆	","259.00	","0.00	",,"用户催单；	"
"95694223892506751	","2020-08-25 09:55:43	","唯美花艺鲜花店(七夕节预定,生日鲜花，表白鲜花)	","9569422	","铜仁	","299.00	","0.00	",,"用户催单；	"
"93940791069511785	","2020-08-25 14:31:00	","花言草语鲜花店(七夕节预定,生日鲜花，表白鲜花)	","9394079	","昭通	","329.00	","0.00	",,"用户催单；	"
"94361212118209784	","2020-08-25 18:42:26	","玉花坊鲜花店(七夕节预定,生日鲜花，表白鲜花)	","9436121	","重庆	","349.00	","0.00	",,"用户催单；	"
"95694182386186755	","2020-08-25 00:48:26	","浪漫花都鲜花店(七夕节预定,生日鲜花，表白鲜花)	","9569418	","曲靖	","334.00	","334.00	","【佳人如兰】11枝蓝色妖姬鲜花花束（真花上色）*数量1	","缺货导致退款；用户催单；	"
"95694220075108782	","2020-08-25 10:03:37	","唯美花艺鲜花店(七夕节预定,生日鲜花，表白鲜花)	","9569422	","铜仁	","509.00	","0.00	",,"用户催单；	"
"93940790428454022	","2020-08-25 15:22:05	","花言草语鲜花店(七夕节预定,生日鲜花，表白鲜花)	","9394079	","昭通	","259.00	","0.00	",,"用户催单；	"
"94361212529093535	","2020-08-25 19:03:38	","玉花坊鲜花店(七夕节预定,生日鲜花，表白鲜花)	","9436121	","重庆	","259.00	","0.00	",,"用户催单；	"
"93940791093934630	","2020-08-25 16:38:11	","花言草语鲜花店(七夕节预定,生日鲜花，表白鲜花)	","9394079	","昭通	","279.00	","0.00	",,"用户催单；	"
"95694223774986605	","2020-08-25 15:14:41	","唯美花艺鲜花店(七夕节预定,生日鲜花，表白鲜花)	","9569422	","铜仁	","279.00	","0.00	",,"用户催单；	"
"93942661269807160	","2020-08-24 14:20:05	","花仙谷鲜花店(七夕节预定,生日鲜花，表白鲜花)	","9394266	","黄冈	","259.00	","0.00	",,"用户催单；	"
"94381393154924351	","2020-08-24 18:02:39	","繁花花坊鲜花店(七夕节预定,生日鲜花，表白鲜花)	","9438139	","张家口	","259.00	","0.00	",,"用户催单；	"
"93851151269807160	","2020-08-24 07:33:40	","千千惠鲜花店(七夕节预定,生日鲜花，表白鲜花)	","9385115	","临沂	","259.00	","0.00	",,"用户催单；	"
"93942660408368023	","2020-08-25 11:17:04	","花仙谷鲜花店(七夕节预定,生日鲜花，表白鲜花)	","9394266	","黄冈	","279.00	","0.00	",,"用户催单；	"
"94381390075108782	","2020-08-25 19:57:13	","繁花花坊鲜花店(七夕节预定,生日鲜花，表白鲜花)	","9438139	","张家口	","259.00	","0.00	",,"用户催单；	"
"93851153470084206	","2020-08-25 06:50:42	","千千惠鲜花店(七夕节预定,生日鲜花，表白鲜花)	","9385115	","临沂	","319.00	","0.00	",,"用户催单；	"
"93942661677285159	","2020-08-25 15:08:19	","花仙谷鲜花店(七夕节预定,生日鲜花，表白鲜花)	","9394266	","黄冈	","259.00	","0.00	",,"用户催单；	"
"93851151795091754	","2020-08-25 08:46:56	","千千惠鲜花店(七夕节预定,生日鲜花，表白鲜花)	","9385115	","临沂	","259.00	","0.00	",,"用户催单；	"
"94383200358768070	","2020-08-25 17:56:15	","尚品花艺鲜花店(七夕节预定,生日鲜花，表白鲜花)	","9438320	","郑州	","259.00	","0.00	",,"用户催单；	"
"94021870358768070	","2020-08-25 12:57:10	","百卉鲜花婚庆鲜花店(七夕节预定,生日鲜花，表白鲜花)	","9402187	","唐山	","290.00	","290.00	","【余生爱你】19枝粉玫瑰鲜花花束*数量1	","商家拒单；	"
"93851153892506751	","2020-08-25 10:09:23	","千千惠鲜花店(七夕节预定,生日鲜花，表白鲜花)	","9385115	","临沂	","259.00	","0.00	",,"用户催单；	"
"94021873892506751	","2020-08-25 18:40:29	","百卉鲜花婚庆鲜花店(七夕节预定,生日鲜花，表白鲜花)	","9402187	","唐山	","260.00	","0.00	",,"用户催单；	"
"95694181677285159	","2020-08-25 02:25:16	","浪漫花都鲜花店(七夕节预定,生日鲜花，表白鲜花)	","9569418	","曲靖	","334.00	","334.00	","【相知相随】19枝红玫瑰鲜花花束*数量1	","质量问题导致退款；用户催单；	"
"94383200075108782	","2020-08-25 19:11:04	","尚品花艺鲜花店(七夕节预定,生日鲜花，表白鲜花)	","9438320	","郑州	","259.00	","0.00	",,"用户催单；	"
"93851152718691708	","2020-08-25 11:21:47	","千千惠鲜花店(七夕节预定,生日鲜花，表白鲜花)	","9385115	","临沂	","509.00	","0.00	",,"用户催单；	"
"94154942386186755	","2020-08-25 20:17:13	","九月花艺鲜花店(七夕节预定,生日鲜花，表白鲜花)	","9415494	","青岛	","330.00	","0.00	",,"用户催单；	"
"93851152118209784	","2020-08-25 12:55:28	","千千惠鲜花店(七夕节预定,生日鲜花，表白鲜花)	","9385115	","临沂	","259.00	","0.00	",,"用户催单；	"
"93851151363120396	","2020-08-25 14:21:38	","千千惠鲜花店(七夕节预定,生日鲜花，表白鲜花)	","9385115	","临沂	","259.00	","0.00	",,"用户催单；	"
"93852133470084206	","2020-08-25 08:20:28	","娜娜花屋鲜花店(七夕节预定,生日鲜花，表白鲜花)	","9385213	","宝鸡	","259.00	","0.00	",,"用户催单；	"
"93852132386186755	","2020-08-25 08:54:31	","娜娜花屋鲜花店(七夕节预定,生日鲜花，表白鲜花)	","9385213	","宝鸡	","259.00	","0.00	",,"用户催单；	"
"93852131300204059	","2020-08-25 09:40:21	","娜娜花屋鲜花店(七夕节预定,生日鲜花，表白鲜花)	","9385213	","宝鸡	","259.00	","0.00	",,"用户催单；	"
"93852130358768070	","2020-08-25 09:50:44	","娜娜花屋鲜花店(七夕节预定,生日鲜花，表白鲜花)	","9385213	","宝鸡	","349.00	","0.00	",,"用户催单；	"
"93852130026515543	","2020-08-25 10:31:02	","娜娜花屋鲜花店(七夕节预定,生日鲜花，表白鲜花)	","9385213	","宝鸡	","524.00	","0.00	",,"用户催单；	"
"93852133982058332	","2020-08-25 11:24:34	","娜娜花屋鲜花店(七夕节预定,生日鲜花，表白鲜花)	","9385213	","宝鸡	","259.00	","0.00	",,"用户催单；	"
"93852132718691708	","2020-08-25 11:29:42	","娜娜花屋鲜花店(七夕节预定,生日鲜花，表白鲜花)	","9385213	","宝鸡	","259.00	","0.00	",,"用户催单；	"
"96700133900237471	","2020-08-25 13:56:30	","牵手花艺鲜花礼品鲜花店	","9670013	","太原	","188.00	","188.00	","七夕情人节双色满天星花束送女友闺蜜鲜花店同城配送*数量1	","缺货导致退款；	"
"96700131093934630	","2020-08-25 14:14:23	","牵手花艺鲜花礼品鲜花店	","9670013	","太原	","198.00	","198.00	","七夕节19支朵红玫瑰花礼盒生日情人节鲜花店配送*数量1	","用户催单；	"
"96700130472979596	","2020-08-25 15:20:41	","牵手花艺鲜花礼品鲜花店	","9670013	","太原	","178.00	","0.00	",,"用户催单；	"
"96700143982058332	","2020-08-25 15:39:03	","梦真花卉鲜花礼品鲜花店	","9670014	","菏泽	","509.00	","0.00	",,"用户催单；	"
"96700142718691708	","2020-08-25 16:00:44	","梦真花卉鲜花礼品鲜花店	","9670014	","菏泽	","509.00	","0.00	",,"用户催单；	"
"96700143123430734	","2020-08-25 16:15:12	","梦真花卉鲜花礼品鲜花店	","9670014	","菏泽	","259.00	","0.00	",,"用户催单；	"
"97623633266318408	","2020-08-25 15:32:56	","君之吻花坊	","9762363	","杭州	","339.00	","339.00	","【相知相随】19枝红玫瑰鲜花花束*数量1	","用户催单；	"
"96700143605089781	","2020-08-25 17:10:35	","梦真花卉鲜花礼品鲜花店	","9670014	","菏泽	","259.00	","259.00	","【纸短情长】11枝粉玫瑰鲜花礼盒*数量1	","商家拒单；	"
"97623630312975728	","2020-08-25 15:55:33	","君之吻花坊	","9762363	","杭州	","329.00	","0.00	",,"用户催单；	"
"96700143774986605	","2020-08-25 17:22:20	","梦真花卉鲜花礼品鲜花店	","9670014	","菏泽	","259.00	","0.00	",,"用户催单；	"
"97623633900237471	","2020-08-25 15:58:59	","君之吻花坊	","9762363	","杭州	","259.00	","0.00	",,"用户催单；	"
"96700141069511785	","2020-08-25 17:27:02	","梦真花卉鲜花礼品鲜花店	","9670014	","菏泽	","259.00	","259.00	","【花开相爱】11枝红玫瑰鲜花花束-七夕节表白鲜花*数量1	","商家拒单；	"
"97623631363120396	","2020-08-25 16:24:14	","君之吻花坊	","9762363	","杭州	","259.00	","0.00	",,"用户催单；	"
"96700142454686031	","2020-08-25 17:37:17	","梦真花卉鲜花礼品鲜花店	","9670014	","菏泽	","259.00	","259.00	","【浪漫宣言】11枝红玫瑰+2只小熊鲜花礼盒*数量1	","商家拒单；	"
"97660352386186755	","2020-08-25 08:42:27	","晨花飞扬・七夕节鲜花,表白鲜花	","9766035	","杭州	","259.00	","259.00	","【未来可期】11枝香槟玫瑰鲜花礼盒-七夕节表白鲜花*数量1	","商家超时未接单；	"
"96700142529093535	","2020-08-25 18:02:39	","梦真花卉鲜花礼品鲜花店	","9670014	","菏泽	","259.00	","259.00	","【粉色公主】11枝粉玫瑰鲜花礼盒-七夕节表白鲜花*数量1	","商家拒单；	"
"97688042141837702	","2020-08-25 09:37:15	","花旺・七夕节鲜花,表白鲜花	","9768804	","怀化	","259.00	","0.00	",,"用户催单；	"
"97688043892506751	","2020-08-25 12:48:54	","花旺・七夕节鲜花,表白鲜花	","9768804	","怀化	","259.00	","0.00	",,"用户催单；	"
"96700143152492135	","2020-08-25 18:03:25	","梦真花卉鲜花礼品鲜花店	","9670014	","菏泽	","259.00	","0.00	",,"用户催单；	"
"97688043123430734	","2020-08-25 15:33:37	","花旺・七夕节鲜花,表白鲜花	","9768804	","怀化	","279.00	","279.00	","【明眸】11枝香槟玫瑰+1枝向日葵鲜花花束毕业季花礼*数量1	","商家拒单；	"
"97711893382704585	","2020-08-25 14:46:15	","梦幻花坊・七夕节鲜花,表白鲜花	","9771189	","青岛	","259.00	","0.00	",,"用户催单；	"
"96700091300204059	","2020-08-25 09:58:41	","依依花语鲜花礼品鲜花店	","9670009	","宜春	","329.00	","0.00	",,"用户催单；	"
"97711921300204059	","2020-08-25 16:38:31	","红枫林・七夕节鲜花,表白鲜花	","9771192	","郴州	","259.00	","0.00	",,"用户催单；	"
"97868112141837702	","2020-08-25 12:14:27	","欢聚缘婚礼・七夕节鲜花,表白鲜花	","9786811	","朔州	","259.00	","0.00	",,"用户催单；	"
"96700093892506751	","2020-08-25 17:09:38	","依依花语鲜花礼品鲜花店	","9670009	","宜春	","279.00	","0.00	",,"用户催单；	"
"97551570075108782	","2020-08-25 16:45:34	","伊人花艺・七夕节鲜花,表白鲜花	","9755157	","北京	","259.00	","0.00	",,"用户催单；	"
"97868111300204059	","2020-08-25 12:17:12	","欢聚缘婚礼・七夕节鲜花,表白鲜花	","9786811	","朔州	","259.00	","0.00	",,"用户催单；	"
"96700091294596594	","2020-08-25 18:32:45	","依依花语鲜花礼品鲜花店	","9670009	","宜春	","569.00	","569.00	","【为你心动】33枝红玫瑰鲜花天心礼盒-七夕节表白鲜花*数量1 + 【许愿灯】点亮人生  单拍不送*数量1	","商家超时未接单；	"
"97868110075108782	","2020-08-25 14:19:59	","欢聚缘婚礼・七夕节鲜花,表白鲜花	","9786811	","朔州	","259.00	","0.00	",,"用户催单；	"
"97564320408368023	","2020-08-25 12:44:40	","完美婚庆・七夕节鲜花,表白鲜花	","9756432	","秦皇岛	","268.00	","0.00	",,"用户催单；	"
"97868111294596594	","2020-08-25 14:59:17	","欢聚缘婚礼・七夕节鲜花,表白鲜花	","9786811	","朔州	","329.00	","0.00	",,"用户催单；	"
"96700093968253920	","2020-08-25 18:35:33	","依依花语鲜花礼品鲜花店	","9670009	","宜春	","529.00	","529.00	","【心心相惜】36枝粉玫瑰鲜花礼盒-七夕节表白鲜花*数量1	","商家超时未接单；	"
"97868112718691708	","2020-08-25 18:43:12	","欢聚缘婚礼・七夕节鲜花,表白鲜花	","9786811	","朔州	","339.00	","339.00	","【卿本佳人】19枝粉玫瑰鲜花礼盒-七夕节表白鲜花*数量1	","商家超时未接单；	"
"96700131677285159	","2020-08-25 09:09:07	","牵手花艺鲜花礼品鲜花店	","9670013	","太原	","198.00	","0.00	",,"用户催单；	"
"97895430408368023	","2020-08-25 03:10:43	","遇见花艺・七夕节鲜花,表白鲜花	","9789543	","长沙	","509.00	","509.00	","【一曲相思】33枝红玫瑰鲜花花束-七夕节表白鲜花*数量1	","商家超时未接单；	"
"97564340408368023	","2020-08-25 11:50:54	","鲜花小站・七夕节鲜花,表白鲜花	","9756434	","郴州	","259.00	","259.00	","【未来可期】11枝香槟玫瑰鲜花礼盒-七夕节表白鲜花*数量1	","商家超时未接单；	"
"97895431795091754	","2020-08-25 08:20:08	","遇见花艺・七夕节鲜花,表白鲜花	","9789543	","长沙	","329.00	","329.00	","【暗里着迷】19枝粉玫瑰鲜花花束-七夕节表白鲜花*数量1	","商家拒单；	"
"96700134016847411	","2020-08-25 10:07:34	","牵手花艺鲜花礼品鲜花店	","9670013	","太原	","198.00	","0.00	",,"用户催单；	"
"97897433982058332	","2020-08-25 17:19:41	","朵朵鲜花店・七夕节鲜花,表白鲜花	","9789743	","青岛	","260.00	","0.00	",,"用户催单；	"
"97566351300204059	","2020-08-25 09:36:46	","小周鲜花屋・七夕节鲜花,表白鲜花	","9756635	","重庆	","509.00	","0.00	",,"用户催单；	"
"97939553470084206	","2020-08-25 10:20:41	","阳光鲜花・七夕节鲜花,表白鲜花	","9793955	","杭州	","259.00	","0.00	",,"用户催单；	"
"96700130026515543	","2020-08-25 10:17:49	","牵手花艺鲜花礼品鲜花店	","9670013	","太原	","238.00	","0.00	",,"用户催单；	"
"97566352718691708	","2020-08-25 11:43:17	","小周鲜花屋・七夕节鲜花,表白鲜花	","9756635	","重庆	","259.00	","0.00	",,"用户催单；	"
"97939552141837702	","2020-08-25 13:19:24	","阳光鲜花・七夕节鲜花,表白鲜花	","9793955	","杭州	","269.00	","0.00	",,"用户催单；	"
"97989170408368023	","2020-08-25 06:51:15	","FLOWER意达・七夕节鲜花,表白鲜花	","9798917	","辽阳	","274.00	","0.00	",,"用户催单；	"
"96700133123430734	","2020-08-25 11:48:25	","牵手花艺鲜花礼品鲜花店	","9670013	","太原	","28.90	","28.90	","七夕情人节单支朵红玫瑰花束鲜花店10支起配送*数量1	","用户催单；	"
"97623634016847411	","2020-08-25 10:47:49	","君之吻花坊	","9762363	","杭州	","509.00	","509.00	","【清恋】33枝香槟玫瑰鲜花花束-七夕节表白鲜花*数量1	","商家拒单；	"
"97566352342655417	","2020-08-25 12:50:24	","小周鲜花屋・七夕节鲜花,表白鲜花	","9756635	","重庆	","259.00	","0.00	",,"用户催单；	"
"97989171677285159	","2020-08-25 09:28:26	","FLOWER意达・七夕节鲜花,表白鲜花	","9798917	","辽阳	","509.00	","0.00	",,"用户催单；	"
"97566353605089781	","2020-08-25 13:21:37	","小周鲜花屋・七夕节鲜花,表白鲜花	","9756635	","重庆	","259.00	","0.00	",,"用户催单；	"
"97989172141837702	","2020-08-25 10:56:27	","FLOWER意达・七夕节鲜花,表白鲜花	","9798917	","辽阳	","509.00	","509.00	","【怦然心动】33枝红玫瑰黑纱鲜花花束*数量1	","用户催单；	"
"97623630026515543	","2020-08-25 11:04:16	","君之吻花坊	","9762363	","杭州	","269.00	","0.00	",,"用户催单；	"
"96700131069511785	","2020-08-25 12:10:44	","牵手花艺鲜花礼品鲜花店	","9670013	","太原	","188.00	","0.00	",,"用户催单；	"
"97989170358768070	","2020-08-25 11:13:37	","FLOWER意达・七夕节鲜花,表白鲜花	","9798917	","辽阳	","259.00	","0.00	",,"用户催单；	"
"97566351069511785	","2020-08-25 13:46:18	","小周鲜花屋・七夕节鲜花,表白鲜花	","9756635	","重庆	","259.00	","0.00	",,"用户催单；	"
"97623630075108782	","2020-08-25 11:27:36	","君之吻花坊	","9762363	","杭州	","259.00	","0.00	",,"用户催单；	"
"96700132454686031	","2020-08-25 12:12:00	","牵手花艺鲜花礼品鲜花店	","9670013	","太原	","298.00	","298.00	","永生花独角兽玫瑰花礼盒送女友老婆闺蜜情人节七夕生日礼物*数量1	","缺货导致退款；	"
"97566353266318408	","2020-08-25 15:08:09	","小周鲜花屋・七夕节鲜花,表白鲜花	","9756635	","重庆	","259.00	","0.00	",,"用户催单；	"
"96221801605193707	","2020-08-25 16:59:20	","花间密码鲜花店(七夕节预定,生日鲜花，表白鲜花)	","9622180	","太原	","239.00	","0.00	",,"用户催单；	"
"97623632718691708	","2020-08-25 11:42:22	","君之吻花坊	","9762363	","杭州	","259.00	","0.00	",,"用户催单；	"
"96700130428454022	","2020-08-25 12:50:39	","牵手花艺鲜花礼品鲜花店	","9670013	","太原	","201.00	","0.00	",,"用户催单；	"
"97566350312975728	","2020-08-25 15:27:12	","小周鲜花屋・七夕节鲜花,表白鲜花	","9756635	","重庆	","329.00	","0.00	",,"用户催单；	"
"96221810026515543	","2020-08-25 21:42:42	","遇见花店鲜花店(七夕节预定,生日鲜花，表白鲜花)	","9622181	","温州	","1314.00	","0.00	",,"用户催单；	"
"97566352501118848	","2020-08-25 16:58:36	","小周鲜花屋・七夕节鲜花,表白鲜花	","9756635	","重庆	","259.00	","0.00	",,"用户催单；	"
"97623630372010069	","2020-08-25 13:22:29	","君之吻花坊	","9762363	","杭州	","259.00	","0.00	",,"用户催单；	"
"96799330408368023	","2020-08-25 09:42:50	","花千谷(七夕节预定,生日鲜花，表白鲜花)	","9679933	","赣州	","271.00	","271.00	","【浪漫宣言】11枝红玫瑰+2只小熊鲜花礼盒*数量1	","商家少送错送；	"
"96413392620144691	","2020-08-24 22:35:06	","MINE FUN鲜花店(七夕节预定,生日鲜花，表白鲜花)	","9641339	","杭州	","279.00	","279.00	","【代写贺卡】卡片随机 下单备注贺卡内容即可 单拍不送*数量1 + 【春风十里】11枝红玫瑰鲜花礼盒-七夕节表白鲜花*数量1	","商家拒单；	"
"97566350472979596	","2020-08-25 17:06:08	","小周鲜花屋・七夕节鲜花,表白鲜花	","9756635	","重庆	","509.00	","0.00	",,"用户催单；	"
"96857500408368023	","2020-08-25 06:13:41	","花语花卉鲜花店(七夕节预定,生日鲜花，表白鲜花)	","9685750	","襄阳	","259.00	","0.00	",,"用户催单；	"
"97623633774986605	","2020-08-25 13:35:38	","君之吻花坊	","9762363	","杭州	","269.00	","0.00	",,"用户催单；	"
"96413390597893318	","2020-08-24 23:48:05	","MINE FUN鲜花店(七夕节预定,生日鲜花，表白鲜花)	","9641339	","杭州	","259.00	","259.00	","【粉色公主】11枝粉玫瑰鲜花礼盒-七夕节表白鲜花*数量1	","缺货导致退款；	"
"97566352474991043	","2020-08-25 17:11:24	","小周鲜花屋・七夕节鲜花,表白鲜花	","9756635	","重庆	","259.00	","0.00	",,"用户催单；	"
"97623631069511785	","2020-08-25 13:44:52	","君之吻花坊	","9762363	","杭州	","259.00	","0.00	",,"用户催单；	"
"96413392386186755	","2020-08-25 01:56:52	","MINE FUN鲜花店(七夕节预定,生日鲜花，表白鲜花)	","9641339	","杭州	","259.00	","259.00	","【花开相爱】11枝红玫瑰鲜花花束-七夕节表白鲜花*数量1	","商家超时未接单；	"
"97566352631357360	","2020-08-25 17:13:00	","小周鲜花屋・七夕节鲜花,表白鲜花	","9756635	","重庆	","279.00	","0.00	",,"用户催单；	"
"97623632529093535	","2020-08-25 14:01:41	","君之吻花坊	","9762363	","杭州	","359.00	","359.00	","【少年】11枝香槟玫瑰+7朵白百合鲜花花束*数量1	","商家拒单；	"
"96413412386186755	","2020-08-25 11:13:38	","伊人鲜花礼品鲜花店	","9641341	","白银	","259.00	","0.00	",,"用户催单；	"
"97566352274562704	","2020-08-25 17:57:39	","小周鲜花屋・七夕节鲜花,表白鲜花	","9756635	","重庆	","259.00	","0.00	",,"用户催单；	"
"97623633152492135	","2020-08-25 14:19:51	","君之吻花坊	","9762363	","杭州	","777.00	","0.00	",,"用户催单；	"
"97575990402766777	","2020-08-24 13:03:09	","锦上添花・七夕节鲜花,表白鲜花	","9757599	","巴中	","329.00	","329.00	","【巴黎春天】19枝红玫瑰鲜花花束-七夕节表白鲜花*数量1	","商家少送错送；	"
"96413411795091754	","2020-08-25 12:04:45	","伊人鲜花礼品鲜花店	","9641341	","白银	","259.00	","0.00	",,"用户催单；	"
"97623630428454022	","2020-08-25 14:38:03	","君之吻花坊	","9762363	","杭州	","259.00	","0.00	",,"用户催单；	"
"97575993102964850	","2020-08-24 14:16:56	","锦上添花・七夕节鲜花,表白鲜花	","9757599	","巴中	","329.00	","0.00	",,"用户催单；	"
"96413413382704585	","2020-08-25 12:11:28	","伊人鲜花礼品鲜花店	","9641341	","白银	","259.00	","0.00	",,"用户催单；	"
"97623631165886577	","2020-08-25 15:15:18	","君之吻花坊	","9762363	","杭州	","349.00	","349.00	","【少年】11枝香槟玫瑰+7朵白百合鲜花花束*数量1	","商家拒单；用户催单；	"
"97575991037470912	","2020-08-24 17:02:49	","锦上添花・七夕节鲜花,表白鲜花	","9757599	","巴中	","299.00	","0.00	",,"用户催单；	"
"96413410026515543	","2020-08-25 14:52:10	","伊人鲜花礼品鲜花店	","9641341	","白银	","259.00	","0.00	",,"用户催单；	"
"97623630062270945	","2020-08-25 15:31:22	","君之吻花坊	","9762363	","杭州	","299.00	","299.00	","【思恋】11枝粉玫瑰+4枝向日葵鲜花花束毕业季花礼*数量1	","商家拒单；	"
"96857503382704585	","2020-08-25 09:01:40	","花语花卉鲜花店(七夕节预定,生日鲜花，表白鲜花)	","9685750	","襄阳	","329.00	","0.00	",,"用户催单；	"
"96413413213192828	","2020-08-25 14:52:26	","伊人鲜花礼品鲜花店	","9641341	","白银	","329.00	","0.00	",,"用户催单；	"
"96413413982058332	","2020-08-25 15:10:45	","伊人鲜花礼品鲜花店	","9641341	","白银	","509.00	","0.00	",,"用户催单；	"
"96857500358768070	","2020-08-25 09:38:16	","花语花卉鲜花店(七夕节预定,生日鲜花，表白鲜花)	","9685750	","襄阳	","299.00	","299.00	","【初恋】33枝粉玫瑰白纱鲜花花束-七夕节表白鲜花*数量1	","用户催单；	"
"97575993982058332	","2020-08-25 08:59:00	","锦上添花・七夕节鲜花,表白鲜花	","9757599	","巴中	","509.00	","0.00	",,"用户催单；	"
"96413410372010069	","2020-08-25 16:10:58	","伊人鲜花礼品鲜花店	","9641341	","白银	","337.00	","0.00	",,"用户催单；	"
"96413410890902196	","2020-08-25 16:11:50	","伊人鲜花礼品鲜花店	","9641341	","白银	","517.00	","0.00	",,"用户催单；	"
"97575992718691708	","2020-08-25 09:15:10	","锦上添花・七夕节鲜花,表白鲜花	","9757599	","巴中	","379.00	","379.00	","【此生不换】19枝红玫瑰鲜花手提花篮*数量1	","用户催单；	"
"96857503982058332	","2020-08-25 13:02:29	","花语花卉鲜花店(七夕节预定,生日鲜花，表白鲜花)	","9685750	","襄阳	","259.00	","0.00	",,"用户催单；	"
"96413413774986605	","2020-08-25 16:24:35	","伊人鲜花礼品鲜花店	","9641341	","白银	","337.00	","0.00	",,"用户催单；	"
"96857502718691708	","2020-08-25 13:03:08	","花语花卉鲜花店(七夕节预定,生日鲜花，表白鲜花)	","9685750	","襄阳	","279.00	","0.00	",,"用户催单；	"
"97575992529093535	","2020-08-25 09:36:01	","锦上添花・七夕节鲜花,表白鲜花	","9757599	","巴中	","289.00	","0.00	",,"用户催单；	"
"96700021677285159	","2020-08-25 03:41:28	","情艺鲜花礼品鲜花店	","9670002	","株洲	","279.00	","0.00	",,"用户催单；	"
"97575991093934630	","2020-08-25 10:18:56	","锦上添花・七夕节鲜花,表白鲜花	","9757599	","巴中	","509.00	","0.00	",,"用户催单；	"
"96700021223213925	","2020-08-25 12:46:06	","情艺鲜花礼品鲜花店	","9670002	","株洲	","279.00	","0.00	",,"用户催单；	"
"96863563123430734	","2020-08-25 15:40:07	","小姐姐花店鲜花礼品鲜花店	","9686356	","株洲	","259.00	","0.00	",,"用户催单；	"
"97575994202385165	","2020-08-24 22:53:42	","锦上添花・七夕节鲜花,表白鲜花	","9757599	","巴中	","999.00	","999.00	","【拾童趣】99枝棒棒糖*数量1	","商家拒单；	"
"96700063982058332	","2020-08-25 16:03:57	","邂逅花店鲜花礼品鲜花店	","9670006	","淮安	","259.00	","0.00	",,"用户催单；	"
"97575992868991306	","2020-08-25 16:41:16	","锦上添花・七夕节鲜花,表白鲜花	","9757599	","巴中	","259.00	","0.00	",,"用户催单；	"
"96864020408368023	","2020-08-25 08:35:32	","花艺鲜花店	","9686402	","日照	","264.00	","264.00	","【怦然心动】11枝粉玫瑰鲜花网红礼盒-七夕节表白鲜花*数量1	","商家超时未接单；	"
"96700062342655417	","2020-08-25 17:13:58	","邂逅花店鲜花礼品鲜花店	","9670006	","淮安	","509.00	","0.00	",,"用户催单；	"
"97575993403255763	","2020-08-25 17:08:45	","锦上添花・七夕节鲜花,表白鲜花	","9757599	","巴中	","509.00	","509.00	","【甜蜜约定】33枝红玫瑰黑纱鲜花花束-七夕节表白鲜花*数量1	","商家超时未接单；	"
"97575990408368023	","2020-08-25 00:44:11	","锦上添花・七夕节鲜花,表白鲜花	","9757599	","巴中	","259.00	","0.00	",,"用户催单；	"
"96700071269807160	","2020-08-24 08:57:25	","壹见钟情(七夕节预定,生日鲜花，表白鲜花)	","9670007	","镇江	","259.00	","0.00	",,"用户催单；	"
"97623632386186755	","2020-08-25 09:59:06	","君之吻花坊	","9762363	","杭州	","259.00	","0.00	",,"用户催单；	"
"97575991795091754	","2020-08-25 06:54:42	","锦上添花・七夕节鲜花,表白鲜花	","9757599	","巴中	","259.00	","0.00	",,"用户催单；	"
"96700073470084206	","2020-08-25 08:44:05	","壹见钟情(七夕节预定,生日鲜花，表白鲜花)	","9670007	","镇江	","259.00	","0.00	",,"用户催单；	"
"96913251601381307	","2020-08-24 16:03:35	","一花一木鲜花礼品鲜花店	","9691325	","宜春	","329.00	","329.00	","【云淡风来】19枝香槟玫瑰鲜花礼盒-七夕节表白鲜花*数量1	","商家拒单；	"
"97623633382704585	","2020-08-25 10:15:10	","君之吻花坊	","9762363	","杭州	","349.00	","0.00	",,"用户催单；	"
"97575993382704585	","2020-08-25 07:42:49	","锦上添花・七夕节鲜花,表白鲜花	","9757599	","巴中	","329.00	","0.00	",,"用户催单；	"
"96700091601381307	","2020-08-24 16:40:02	","依依花语鲜花礼品鲜花店	","9670009	","宜春	","289.00	","289.00	","【蔚蓝星辰】9枝白玫瑰搭配蓝色满天星花束*数量1	","商家超时未接单；	"
"97623632141837702	","2020-08-25 10:20:43	","君之吻花坊	","9762363	","杭州	","259.00	","0.00	",,"用户催单；	"
"96913634016847411	","2020-08-25 09:21:49	","馨悦花店鲜花店	","9691363	","重庆	","259.00	","0.00	",,"用户催单；	"
"96700091795091754	","2020-08-25 09:25:47	","依依花语鲜花礼品鲜花店	","9670009	","宜春	","329.00	","0.00	",,"用户催单；	"
"97575990358768070	","2020-08-25 08:15:42	","锦上添花・七夕节鲜花,表白鲜花	","9757599	","巴中	","509.00	","0.00	",,"用户催单；	"
"96700092141837702	","2020-08-25 09:47:24	","依依花语鲜花礼品鲜花店	","9670009	","宜春	","269.00	","0.00	",,"用户催单；	"
"97623630358768070	","2020-08-25 10:33:16	","君之吻花坊	","9762363	","杭州	","259.00	","0.00	",,"用户催单；	"
"96913633892506751	","2020-08-25 09:25:20	","馨悦花店鲜花店	","9691363	","重庆	","329.00	","0.00	",,"用户催单；	"
"97575991294596594	","2020-08-25 08:55:40	","锦上添花・七夕节鲜花,表白鲜花	","9757599	","巴中	","259.00	","0.00	",,"用户催单；	"
"96093762386186755	","2020-08-25 13:57:23	","天长地久鲜花店(七夕节预定,生日鲜花，表白鲜花)	","9609376	","云浮	","259.00	","0.00	",,"用户催单；	"
"97623631223213925	","2020-08-25 10:37:57	","君之吻花坊	","9762363	","杭州	","279.00	","279.00	","【往后余生】3枝向日葵加百合鲜花礼盒*数量1	","用户催单；	"
"96949950408368023	","2020-08-25 06:53:14	","馨梦鲜花店(七夕节预定,生日鲜花，表白鲜花)	","9694995	","长春	","259.00	","259.00	","【怦然心动】11枝红玫瑰鲜花网红礼盒-七夕节表白鲜花*数量1	","缺货导致退款；	"
"96093761677285159	","2020-08-25 15:49:46	","天长地久鲜花店(七夕节预定,生日鲜花，表白鲜花)	","9609376	","云浮	","259.00	","0.00	",,"用户催单；	"
"97098442141837702	","2020-08-25 08:52:02	","斌华鲜花美妆店(七夕节预定,生日鲜花，表白鲜花)	","9709844	","哈尔滨	","509.00	","0.00	",,"用户催单；	"
"96093763382704585	","2020-08-25 16:01:51	","天长地久鲜花店(七夕节预定,生日鲜花，表白鲜花)	","9609376	","云浮	","269.00	","269.00	","【一吻之间】11枝红玫瑰鲜花花束*数量1	","缺货导致退款；	"
"96949952386186755	","2020-08-25 09:25:27	","馨梦鲜花店(七夕节预定,生日鲜花，表白鲜花)	","9694995	","长春	","359.00	","359.00	","【满满爱意】19枝红玫瑰鲜花手提花篮*数量1	","商家超时未接单；	"
"96700140428454022	","2020-08-25 18:06:50	","梦真花卉鲜花礼品鲜花店	","9670014	","菏泽	","509.00	","509.00	","【怦然心动】33枝红玫瑰黑纱鲜花花束*数量1	","商家拒单；	"
"96093761300204059	","2020-08-25 16:11:37	","天长地久鲜花店(七夕节预定,生日鲜花，表白鲜花)	","9609376	","云浮	","509.00	","509.00	","【余生都是你】33枝红玫瑰鲜花花束-七夕节表白鲜花*数量1	","商家拒单；	"
"97098452620144691	","2020-08-24 22:14:57	","百艳花居	","9709845	","张家口	","329.00	","329.00	","【独宠伊人】19枝红玫瑰鲜花礼盒-七夕节表白鲜花*数量1	","商家拒单；	"
"96093760358768070	","2020-08-25 16:20:28	","天长地久鲜花店(七夕节预定,生日鲜花，表白鲜花)	","9609376	","云浮	","509.00	","509.00	","【甜蜜约定】33枝红玫瑰黑纱鲜花花束-七夕节表白鲜花*数量1	","商家超时未接单；	"
"96949950358768070	","2020-08-25 11:32:02	","馨梦鲜花店(七夕节预定,生日鲜花，表白鲜花)	","9694995	","长春	","259.00	","259.00	","【春风十里】11枝红玫瑰鲜花礼盒-七夕节表白鲜花*数量1	","商家超时未接单；	"
"96700143266318408	","2020-08-25 21:22:53	","梦真花卉鲜花礼品鲜花店	","9670014	","菏泽	","259.00	","259.00	","【花开相爱】11枝红玫瑰鲜花花束-七夕节表白鲜花*数量1	","商家拒单；	"
"97180690408368023	","2020-08-25 10:11:05	","初见花艺鲜花店(七夕节预定,生日鲜花，表白鲜花)	","9718069	","贵阳	","259.00	","0.00	",,"用户催单；	"
"96093761223213925	","2020-08-25 16:51:15	","天长地久鲜花店(七夕节预定,生日鲜花，表白鲜花)	","9609376	","云浮	","259.00	","259.00	","【幸福时光】11枝粉玫瑰鲜花花束-七夕节表白鲜花*数量1	","商家超时未接单；	"
"96998793213192828	","2020-08-25 09:36:06	","雨桐鲜花	","9699879	","潍坊	","259.00	","0.00	",,"用户催单；	"
"96702303049752078	","2020-08-24 15:11:08	","芳源鲜花礼品鲜花店	","9670230	","太原	","349.00	","349.00	","【代写贺卡】卡片随机 下单备注贺卡内容即可 单拍不送*数量1 + 【如梦】19枝红玫瑰鲜花花束-七夕节表白鲜花*数量1	","商家拒单；	"
"97180693470084206	","2020-08-25 11:11:36	","初见花艺鲜花店(七夕节预定,生日鲜花，表白鲜花)	","9718069	","贵阳	","259.00	","0.00	",,"用户催单；	"
"96147343892506751	","2020-08-25 16:36:20	","永恒花艺生活馆鲜花店(七夕节预定,生日鲜花，表白鲜花)	","9614734	","常德	","279.00	","279.00	","【青春不悔】19枝香槟玫瑰鲜花花束-七夕节表白鲜花*数量1	","商家拒单；	"
"96998792529093535	","2020-08-25 11:57:12	","雨桐鲜花	","9699879	","潍坊	","259.00	","0.00	",,"用户催单；	"
"96736930408368023	","2020-08-25 08:31:42	","颜汇永丰鲜花(七夕节预定,生日鲜花，表白鲜花)	","9673693	","天津	","279.00	","0.00	",,"用户催单；	"
"97180692386186755	","2020-08-25 18:01:14	","初见花艺鲜花店(七夕节预定,生日鲜花，表白鲜花)	","9718069	","贵阳	","379.00	","379.00	","【绘梦】19枝粉百合鲜花花束毕业季花礼*数量1	","缺货导致退款；	"
"96147340026515543	","2020-08-25 16:47:44	","永恒花艺生活馆鲜花店(七夕节预定,生日鲜花，表白鲜花)	","9614734	","常德	","299.00	","299.00	","【清新海歌】11枝香槟玫瑰鲜花花束-七夕节表白鲜花*数量1 + 【许愿灯】点亮人生  单拍不送*数量1	","商家拒单；	"
"96736933470084206	","2020-08-25 09:43:34	","颜汇永丰鲜花(七夕节预定,生日鲜花，表白鲜花)	","9673693	","天津	","344.00	","344.00	","【卿本佳人】19枝粉玫瑰鲜花礼盒-七夕节表白鲜花*数量1	","商家拒单；	"
"96998793152492135	","2020-08-25 12:09:43	","雨桐鲜花	","9699879	","潍坊	","259.00	","0.00	",,"用户催单；	"
"97367070408368023	","2020-08-25 09:04:11	","心语鲜花店(七夕节预定,生日鲜花，表白鲜花)	","9736707	","秦皇岛	","379.00	","379.00	","【满满爱意】19枝红玫瑰鲜花手提花篮*数量1 + 【许愿灯】点亮人生  单拍不送*数量1	","商家拒单；	"
"96147343213192828	","2020-08-25 21:21:24	","永恒花艺生活馆鲜花店(七夕节预定,生日鲜花，表白鲜花)	","9614734	","常德	","269.00	","269.00	","【幸福时光】11枝粉玫瑰鲜花花束-七夕节表白鲜花*数量1	","商家超时未接单；	"
"96998790428454022	","2020-08-25 12:15:41	","雨桐鲜花	","9699879	","潍坊	","259.00	","0.00	",,"用户催单；	"
"96736931795091754	","2020-08-25 10:12:23	","颜汇永丰鲜花(七夕节预定,生日鲜花，表白鲜花)	","9673693	","天津	","274.00	","274.00	","【浪漫宣言】11枝红玫瑰+2只小熊鲜花礼盒*数量1	","商家拒单；	"
"97378603213192828	","2020-08-25 17:15:50	","兰心阁花坊・七夕节鲜花,表白鲜花	","9737860	","徐州	","259.00	","259.00	","【四块五的妞】11枝红玫瑰鲜花礼盒-七夕节表白鲜花*数量1	","商家拒单；	"
"96221803968253920	","2020-08-25 09:52:23	","花间密码鲜花店(七夕节预定,生日鲜花，表白鲜花)	","9622180	","太原	","259.00	","0.00	",,"用户催单；	"
"96736931677285159	","2020-08-25 10:44:47	","颜汇永丰鲜花(七夕节预定,生日鲜花，表白鲜花)	","9673693	","天津	","274.00	","274.00	","【浪漫宣言】11枝红玫瑰+2只小熊鲜花礼盒*数量1	","商家拒单；	"
"96998791165886577	","2020-08-25 12:31:57	","雨桐鲜花	","9699879	","潍坊	","329.00	","0.00	",,"用户催单；	"
"97378602718691708	","2020-08-25 19:48:35	","兰心阁花坊・七夕节鲜花,表白鲜花	","9737860	","徐州	","259.00	","259.00	","【一吻之间】11枝红玫瑰鲜花花束*数量1	","商家拒单；	"
"96221803898028505	","2020-08-25 15:10:06	","花间密码鲜花店(七夕节预定,生日鲜花，表白鲜花)	","9622180	","太原	","259.00	","0.00	",,"用户催单；	"
"96998790062270945	","2020-08-25 12:52:00	","雨桐鲜花	","9699879	","潍坊	","509.00	","0.00	",,"用户催单；	"
"96736933382704585	","2020-08-25 12:55:28	","颜汇永丰鲜花(七夕节预定,生日鲜花，表白鲜花)	","9673693	","天津	","524.00	","524.00	","【初识你名】33枝粉玫瑰鲜花花束*数量1	","商家拒单；	"
"97378603123430734	","2020-08-25 22:36:37	","兰心阁花坊・七夕节鲜花,表白鲜花	","9737860	","徐州	","259.00	","259.00	","【四块五的妞】11枝红玫瑰鲜花礼盒-七夕节表白鲜花*数量1	","商家拒单；	"
"96736934016847411	","2020-08-25 20:02:37	","颜汇永丰鲜花(七夕节预定,生日鲜花，表白鲜花)	","9673693	","天津	","289.00	","0.00	",,"用户催单；	"
"96998792274562704	","2020-08-25 13:58:49	","雨桐鲜花	","9699879	","潍坊	","259.00	","0.00	",,"用户催单；	"
"96221803209462032	","2020-08-25 16:49:38	","花间密码鲜花店(七夕节预定,生日鲜花，表白鲜花)	","9622180	","太原	","269.00	","0.00	",,"用户催单；	"
"97474663470084206	","2020-08-25 08:36:45	","遇见花艺	","9747466	","青岛	","259.00	","259.00	","【春风十里】11枝红玫瑰鲜花礼盒-七夕节表白鲜花*数量1	","商家拒单；	"
"96998791942759482	","2020-08-25 19:58:07	","雨桐鲜花	","9699879	","潍坊	","409.00	","0.00	",,"用户催单；	"
"96799311300204059	","2020-08-25 11:43:39	","红玫瑰鲜花礼品鲜花店	","9679931	","南京	","289.00	","0.00	",,"用户催单；	"
"96083142141837702	","2020-08-25 08:22:41	","花王花艺鲜花店(七夕节预定,生日鲜花，表白鲜花)	","9608314	","武威	","329.00	","0.00	",,"用户催单；	"
"97551571223213925	","2020-08-25 15:56:10	","伊人花艺・七夕节鲜花,表白鲜花	","9755157	","北京	","259.00	","0.00	",,"用户催单；	"
"96799313892506751	","2020-08-25 13:02:29	","红玫瑰鲜花礼品鲜花店	","9679931	","南京	","599.00	","0.00	",,"用户催单；	"
"97098440408368023	","2020-08-25 01:00:12	","斌华鲜花美妆店(七夕节预定,生日鲜花，表白鲜花)	","9709844	","哈尔滨	","329.00	","0.00	",,"用户催单；	"
"96083143892506751	","2020-08-25 09:14:27	","花王花艺鲜花店(七夕节预定,生日鲜花，表白鲜花)	","9608314	","武威	","269.00	","0.00	",,"用户催单；	"
"97551570026515543	","2020-08-25 16:39:21	","伊人花艺・七夕节鲜花,表白鲜花	","9755157	","北京	","379.00	","0.00	",,"用户催单；	"
"96799310372010069	","2020-08-25 16:33:57	","红玫瑰鲜花礼品鲜花店	","9679931	","南京	","289.00	","0.00	",,"用户催单；	"
"96083143213192828	","2020-08-25 09:51:32	","花王花艺鲜花店(七夕节预定,生日鲜花，表白鲜花)	","9608314	","武威	","259.00	","0.00	",,"用户催单；	"
"96083142342655417	","2020-08-25 11:36:16	","花王花艺鲜花店(七夕节预定,生日鲜花，表白鲜花)	","9608314	","武威	","259.00	","0.00	",,"用户催单；	"
"96083143605089781	","2020-08-25 12:03:11	","花王花艺鲜花店(七夕节预定,生日鲜花，表白鲜花)	","9608314	","武威	","259.00	","0.00	",,"用户催单；	"
"96083143774986605	","2020-08-25 12:20:31	","花王花艺鲜花店(七夕节预定,生日鲜花，表白鲜花)	","9608314	","武威	","269.00	","0.00	",,"用户催单；	"
"96083140678856768	","2020-08-25 15:49:46	","花王花艺鲜花店(七夕节预定,生日鲜花，表白鲜花)	","9608314	","武威	","259.00	","0.00	",,"用户催单；	"
"96093751677285159	","2020-08-25 11:32:45	","陌上花开鲜花店(七夕节预定,生日鲜花，表白鲜花)	","9609375	","宁德	","279.00	","0.00	",,"用户催单；	"
"96093753892506751	","2020-08-25 12:35:21	","陌上花开鲜花店(七夕节预定,生日鲜花，表白鲜花)	","9609375	","宁德	","279.00	","0.00	",,"用户催单；	"
"96093750026515543	","2020-08-25 13:00:34	","陌上花开鲜花店(七夕节预定,生日鲜花，表白鲜花)	","9609375	","宁德	","279.00	","0.00	",,"用户催单；	"
"96093753213192828	","2020-08-25 14:52:09	","陌上花开鲜花店(七夕节预定,生日鲜花，表白鲜花)	","9609375	","宁德	","264.00	","0.00	",,"用户催单；	"
