订单编号,下单时间,店铺名称,店铺ID,店铺所在城市,订单总金额（元）,退款金额（元）,退款商品,商家服务问题,,,,,,,,
"48858784046540267	","2020-03-08 08:33:47	","花生活鲜花（阿西木花艺工作室）	","4885878	","厦门	","408.00	","408.00	","『秀外慧中』11枝粉色康乃馨+11枝粉色玫瑰抱抱桶38女神节*数量1	","用户催单；	",,,,,,,,
"59623020961429498	","2020-03-08 14:53:51	","花生活鲜花（众里寻Ta花舍）	","5962302	","兰州	","216.00	","0.00	",,"拣货超时；	",,,,,,,,
"60617441880868044	","2020-03-07 17:55:30	","花生活鲜花（花艺空间）	","6061744	","乌鲁木齐	","216.00	","216.00	","『青春永驻』11枝粉色康乃馨花束 三八妇女节女神礼物花束*数量1	","商家拒单；	",,,,,,,,
"50544881649675795	","2020-03-17 16:49:28	","花生活鲜花（华粤鲜花馆）	","5054488	","厦门	","270.00	","270.00	","自取款-----精致花瓣一片*数量45	","商家拒单；	",,,,,,,,
"31284502171519506	","2020-03-26 08:26:28	","花生活鲜花（花之恋鲜花店）	","3128450	","绍兴	","278.00	","0.00	",,"拣货超时；	",,,,,,,,
"60617441079346474	","2020-03-08 02:51:01	","花生活鲜花（花艺空间）	","6061744	","乌鲁木齐	","378.00	","378.00	","『眉目如画』33枝红玫瑰黑纱爆款花束 38妇女节三八女神节*数量1	","商家超时未接单；	",,,,,,,,
"51964780775350659	","2020-03-26 10:41:14	","郁涧鲜花坊	","5196478	","赤峰	","298.00	","0.00	",,"用户催单；	",,,,,,,,
"60617442073735011	","2020-03-08 10:15:01	","花生活鲜花（花艺空间）	","6061744	","乌鲁木齐	","345.00	","0.00	",,"用户催单；	",,,,,,,,
"39949322332143974	","2020-03-30 04:35:06	","花生活鲜花（雅心花艺）	","3994932	","长沙	","788.00	","788.00	","『Black yarn E2款』99枝红玫瑰花儿黑纱花束*数量1	","商家超时未接单；	",,,,,,,,
"31284504020341504	","2020-03-28 13:43:01	","花生活鲜花（花之恋鲜花店）	","3128450	","绍兴	","245.00	","0.00	",,"拣货超时；	",,,,,,,,
"53454251416530108	","2020-03-13 10:36:18	","花生活鲜花（花稼之约鲜花）	","5345425	","沈阳	","245.00	","0.00	",,"拣货超时；	",,,,,,,,
"60617442405081402	","2020-03-08 11:33:32	","花生活鲜花（花艺空间）	","6061744	","乌鲁木齐	","316.00	","0.00	",,"用户催单；	",,,,,,,,
"43049463730691636	","2020-03-21 10:33:55	","花生活鲜花（城市花坊）	","4304946	","泸州	","245.00	","0.00	",,"用户催单；	",,,,,,,,
"55823153601357685	","2020-03-07 12:47:30	","花生活鲜花（花香漫进）	","5582315	","成都	","320.00	","0.00	",,"拣货超时；	",,,,,,,,
"63951632073735011	","2020-03-08 09:00:27	","花生活鲜花（花海）	","6395163	","杭州	","370.00	","370.00	","『觅爱追欢』19枝粉玫瑰搭配尤加利红豆花束情人节送女友鲜花店*数量1	","缺货导致退款；	",,,,,,,,
"31654681649675795	","2020-03-17 06:25:09	","花生活鲜花（甄阿奇花艺）	","3165468	","营口	","198.00	","198.00	","『博学多识』19朵康乃馨+5朵百合花束 教师节礼物 送老师*数量1	","商家超时未接单；	",,,,,,,,
"43633893834452645	","2020-03-06 08:51:52	","花生活鲜花（意达鲜花店）	","4363389	","唐山	","208.00	","208.00	","『皓月当空』11枝红玫瑰搭配满天星礼盒38妇女节爆款送女友*数量1	","商家拒单；	",,,,,,,,
"63951633354980958	","2020-03-08 13:30:34	","花生活鲜花（花海）	","6395163	","杭州	","208.00	","0.00	",,"拣货超时；	",,,,,,,,
"55823154046540267	","2020-03-08 09:16:04	","花生活鲜花（花香漫进）	","5582315	","成都	","378.00	","0.00	",,"拣货超时；	",,,,,,,,
"43633893278305652	","2020-03-08 12:46:46	","花生活鲜花（意达鲜花店）	","4363389	","唐山	","370.00	","0.00	",,"用户催单；	",,,,,,,,
"63951630535230793	","2020-03-08 13:41:21	","花生活鲜花（花海）	","6395163	","杭州	","256.00	","0.00	",,"拣货超时；	",,,,,,,,
"55823151079346474	","2020-03-08 09:31:45	","花生活鲜花（花香漫进）	","5582315	","成都	","236.00	","0.00	",,"拣货超时；	",,,,,,,,
"34680330751171285	","2020-03-06 14:44:07	","花生活鲜花（家美园艺）	","3468033	","上海	","208.00	","0.00	",,"用户催单；	",,,,,,,,
"43633893730691636	","2020-03-21 18:28:49	","花生活鲜花（意达鲜花店）	","4363389	","唐山	","245.00	","0.00	",,"用户催单；	",,,,,,,,
"63951631448383516	","2020-03-08 15:56:01	","花生活鲜花（花海）	","6395163	","杭州	","256.00	","0.00	",,"拣货超时；	",,,,,,,,
"55823152073735011	","2020-03-08 09:36:05	","花生活鲜花（花香漫进）	","5582315	","成都	","320.00	","0.00	",,"拣货超时；	",,,,,,,,
"43897481079346474	","2020-03-08 10:24:30	","花生活鲜花（玫瑰花店2店）	","4389748	","东莞	","316.00	","0.00	",,"拣货超时；	",,,,,,,,
"34680331880868044	","2020-03-07 10:29:10	","花生活鲜花（家美园艺）	","3468033	","上海	","370.00	","0.00	",,"用户催单；	",,,,,,,,
"65030292073735011	","2020-03-08 11:10:11	","花生活鲜花（漫漫鲜花坊）	","6503029	","银川	","216.00	","0.00	",,"拣货超时；	",,,,,,,,
"44346571880868044	","2020-03-07 16:25:57	","花生活鲜花（晴曦花艺）	","4434657	","福州	","620.00	","620.00	","『金玉良缘』33枝粉玫瑰搭配满天星韩式花束情人节送女友鲜花店*数量1	","缺货导致退款；	",,,,,,,,
"65436843834452645	","2020-03-06 13:04:17	","花生活鲜花（椰林花店）	","6543684	","上海	","256.00	","0.00	",,"用户催单；	",,,,,,,,
"55823150188082545	","2020-03-08 10:24:42	","花生活鲜花（花香漫进）	","5582315	","成都	","358.00	","0.00	",,"拣货超时；	",,,,,,,,
"34680331546403747	","2020-03-07 14:39:14	","花生活鲜花（家美园艺）	","3468033	","上海	","378.00	","0.00	",,"用户催单；	",,,,,,,,
"47425570045538585	","2020-03-25 04:15:13	","花生活鲜花（陌上花开株洲店）	","4742557	","株洲	","245.00	","245.00	","『店长推荐』3枝白玫瑰+6枝粉玫瑰花搭配满天星推荐生日鲜花店*数量1	","商家超时未接单；	",,,,,,,,
"55823150961429498	","2020-03-08 12:41:59	","花生活鲜花（花香漫进）	","5582315	","成都	","256.00	","0.00	",,"拣货超时；	",,,,,,,,
"65436841944367244	","2020-03-16 14:09:25	","花生活鲜花（椰林花店）	","6543684	","上海	","508.00	","0.00	",,"用户催单；	",,,,,,,,
"65436840558388210	","2020-03-27 08:54:36	","花生活鲜花（椰林花店）	","6543684	","上海	","298.00	","0.00	",,"拣货超时；用户催单；	",,,,,,,,
"34680334046540267	","2020-03-08 06:52:11	","花生活鲜花（家美园艺）	","3468033	","上海	","370.00	","0.00	",,"用户催单；	",,,,,,,,
"34680332667646585	","2020-03-30 09:36:23	","花生活鲜花（家美园艺）	","3468033	","上海	","245.00	","0.00	",,"拣货超时；	",,,,,,,,
"55823152405081402	","2020-03-08 18:44:39	","花生活鲜花（花香漫进）	","5582315	","成都	","320.00	","0.00	",,"拣货超时；	",,,,,,,,
"65436840085732698	","2020-03-28 17:59:20	","花生活鲜花（椰林花店）	","6543684	","上海	","338.00	","0.00	",,"拣货超时；	",,,,,,,,
"34680333746444488	","2020-03-30 10:14:11	","花生活鲜花（家美园艺）	","3468033	","上海	","358.00	","0.00	",,"拣货超时；	",,,,,,,,
"34680331150757396	","2020-03-08 10:16:55	","花生活鲜花（家美园艺）	","3468033	","上海	","256.00	","0.00	",,"用户催单；	",,,,,,,,
"55823152723043024	","2020-03-15 02:19:41	","花生活鲜花（花香漫进）	","5582315	","成都	","278.00	","278.00	","『貌美如花』33枝粉色康乃馨搭配桔梗尤加利花束 三八妇女节*数量1	","商家拒单；	",,,,,,,,
"65436842749901606	","2020-04-01 15:20:39	","花生活鲜花（椰林花店）	","6543684	","上海	","470.00	","0.00	",,"拣货超时；	",,,,,,,,
"34680331116627502	","2020-03-31 09:05:17	","花生活鲜花（家美园艺）	","3468033	","上海	","318.00	","0.00	",,"用户催单；	",,,,,,,,
"55823150085732698	","2020-03-28 13:21:26	","花生活鲜花（花香漫进）	","5582315	","成都	","353.00	","0.00	",,"拣货超时；	",,,,,,,,
"65436841261146651	","2020-04-01 16:34:11	","花生活鲜花（椰林花店）	","6543684	","上海	","158.00	","0.00	",,"用户催单；	",,,,,,,,
"30270692073735011	","2020-03-08 14:27:11	","花生活鲜花（艺都鲜花）	","3027069	","宁波	","740.00	","0.00	",,"拣货超时；	",,,,,,,,
"34680332078339913	","2020-04-01 14:12:59	","花生活鲜花（家美园艺）	","3468033	","上海	","338.00	","0.00	",,"拣货超时；	",,,,,,,,
"55823151126386827	","2020-03-31 14:00:14	","花生活鲜花（花香漫进）	","5582315	","成都	","278.00	","0.00	",,"拣货超时；	",,,,,,,,
"57622944046540267	","2020-03-08 10:28:30	","花生活鲜花（厦门陌上花开）	","5762294	","厦门	","216.00	","0.00	",,"拣货超时；	",,,,,,,,
"38821024046540267	","2020-03-08 08:46:02	","如意花艺	","3882102	","佛山	","278.00	","0.00	",,"拣货超时；	",,,,,,,,
"58604723601357685	","2020-03-07 07:13:26	","花生活鲜花（六月花坊）	","5860472	","金华	","649.00	","649.00	","『共度爱河』33枝粉玫瑰搭配尤加利抱抱桶情人节送女友鲜花店*数量1	","商家拒单；	",,,,,,,,
"55823152688488193	","2020-03-31 14:58:54	","花生活鲜花（花香漫进）	","5582315	","成都	","245.00	","0.00	",,"拣货超时；	",,,,,,,,
"31284501645005148	","2020-03-06 13:14:27	","花生活鲜花（花之恋鲜花店）	","3128450	","绍兴	","316.00	","0.00	",,"拣货超时；	",,,,,,,,
"38821022017194328	","2020-03-14 14:57:29	","如意花艺	","3882102	","佛山	","316.00	","316.00	","『春暖花开』11枝香槟玫瑰+3朵向日葵+配草花束 38女神节*数量1	","商家拒单；	",,,,,,,,
"56413284046540267	","2020-03-08 08:51:23	","花生活鲜花（成都陌上花开）	","5641328	","成都	","278.00	","0.00	",,"拣货超时；	",,,,,,,,
"58604720385703699	","2020-03-07 13:35:02	","花生活鲜花（六月花坊）	","5860472	","金华	","276.00	","276.00	","『知书达理』11枝粉玫瑰搭配尤加利礼盒 38女神节礼物*数量1	","商家拒单；	",,,,,,,,
"31284502073735011	","2020-03-08 11:35:44	","花生活鲜花（花之恋鲜花店）	","3128450	","绍兴	","208.00	","0.00	",,"用户催单；	",,,,,,,,
"39854072405081402	","2020-03-08 16:50:39	","花生活鲜花（柔兰花艺）	","3985407	","莆田	","216.00	","0.00	",,"用户催单；	",,,,,,,,
"59623021614285738	","2020-03-06 23:04:50	","花生活鲜花（众里寻Ta花舍）	","5962302	","兰州	","278.00	","278.00	","『谁言寸草心』19枝红康乃馨搭配尤加利满天星礼盒三八节礼物*数量1	","商家超时未接单；	",,,,,,,,
"56413282073735011	","2020-03-08 10:45:03	","花生活鲜花（成都陌上花开）	","5641328	","成都	","273.00	","0.00	",,"拣货超时；	",,,,,,,,
"59623021645005148	","2020-03-06 23:12:20	","花生活鲜花（众里寻Ta花舍）	","5962302	","兰州	","296.00	","296.00	","『至善至美』11枝香槟玫瑰搭配2枝多头百合花束38女神节礼物*数量1	","商家超时未接单；	",,,,,,,,
"39854071416530108	","2020-03-13 09:14:13	","花生活鲜花（柔兰花艺）	","3985407	","莆田	","138.00	","138.00	","『美丽的你』9枝混搭玫瑰花搭配尤加利韩式花束送女友送闺蜜鲜花*数量1	","质量问题导致退款；	",,,,,,,,
"56413280188082545	","2020-03-08 11:09:18	","花生活鲜花（成都陌上花开）	","5641328	","成都	","173.00	","0.00	",,"拣货超时；	",,,,,,,,
"31284501776304077	","2020-03-08 13:05:58	","花生活鲜花（花之恋鲜花店）	","3128450	","绍兴	","256.00	","0.00	",,"用户催单；	",,,,,,,,
"59623024046540267	","2020-03-08 11:02:28	","花生活鲜花（众里寻Ta花舍）	","5962302	","兰州	","278.00	","0.00	",,"拣货超时；	",,,,,,,,
"20951231150757396	","2020-03-08 10:47:02	","花生活鲜花（遇见花艺馆）	","2095123	","郴州	","138.00	","0.00	",,"用户催单；	",,,,,,,,
"56413281776304077	","2020-03-08 17:50:18	","花生活鲜花（成都陌上花开）	","5641328	","成都	","98.00	","98.00	","10枝郁金香鲜花 下单请备注颜色  默认混搭颜色*数量1	","缺货导致退款；	",,,,,,,,
"31284502585659653	","2020-03-08 17:19:33	","花生活鲜花（花之恋鲜花店）	","3128450	","绍兴	","216.00	","216.00	","『青春永驻』11枝粉色康乃馨花束 三八妇女节女神礼物花束*数量1	","商家拒单；	",,,,,,,,
"59623022073735011	","2020-03-08 13:45:53	","花生活鲜花（众里寻Ta花舍）	","5962302	","兰州	","288.00	","0.00	",,"拣货超时；	",,,,,,,,
"20951230367036047	","2020-03-08 11:25:59	","花生活鲜花（遇见花艺馆）	","2095123	","郴州	","353.00	","0.00	",,"用户催单；	",,,,,,,,
"59623020188082545	","2020-03-08 14:24:25	","花生活鲜花（众里寻Ta花舍）	","5962302	","兰州	","236.00	","0.00	",,"拣货超时；	",,,,,,,,
"57407414046540267	","2020-03-08 00:59:19	","花生活鲜花（唯爱花艺）	","5740741	","银川	","345.00	","345.00	","『彼岸花开 』11枝红玫瑰搭配满天星礼盒情人节送女友鲜花店*数量1	","商家超时未接单；	",,,,,,,,
"20951233354980958	","2020-03-08 11:56:34	","花生活鲜花（遇见花艺馆）	","2095123	","郴州	","248.00	","0.00	",,"用户催单；	",,,,,,,,
"31284503222006433	","2020-03-11 10:35:15	","花生活鲜花（花之恋鲜花店）	","3128450	","绍兴	","629.00	","0.00	",,"用户催单；	",,,,,,,,
"57407411079346474	","2020-03-08 08:43:38	","花生活鲜花（唯爱花艺）	","5740741	","银川	","345.00	","0.00	",,"用户催单；	",,,,,,,,
"34680331340865997	","2020-03-21 20:40:02	","花生活鲜花（家美园艺）	","3468033	","上海	","508.00	","0.00	",,"用户催单；	",,,,,,,,
"20951232712680479	","2020-03-08 12:09:45	","花生活鲜花（遇见花艺馆）	","2095123	","郴州	","320.00	","0.00	",,"用户催单；	",,,,,,,,
"31284503938360809	","2020-03-18 12:52:39	","花生活鲜花（花之恋鲜花店）	","3128450	","绍兴	","316.00	","0.00	",,"用户催单；	",,,,,,,,
"57407411097789639	","2020-03-08 14:43:14	","花生活鲜花（唯爱花艺）	","5740741	","银川	","345.00	","345.00	","『同心同德』11枝粉玫瑰搭配银叶菊送女友38女神节鲜花*数量1	","缺货导致退款；	",,,,,,,,
"34680332790932115	","2020-03-23 09:46:38	","花生活鲜花（家美园艺）	","3468033	","上海	","256.00	","0.00	",,"拣货超时；	",,,,,,,,
"20951231448383516	","2020-03-08 12:13:02	","花生活鲜花（遇见花艺馆）	","2095123	","郴州	","138.00	","0.00	",,"用户催单；	",,,,,,,,
"34680330137927908	","2020-03-23 12:20:38	","花生活鲜花（家美园艺）	","3468033	","上海	","236.00	","0.00	",,"拣货超时；	",,,,,,,,
"57407411601187095	","2020-03-19 08:29:57	","花生活鲜花（唯爱花艺）	","5740741	","银川	","228.00	","228.00	","『情有独钟』9枝红玫瑰搭配尤加利花束*数量1	","商家超时未接单；	",,,,,,,,
"20951231653252408	","2020-03-08 12:27:07	","花生活鲜花（遇见花艺馆）	","2095123	","郴州	","378.00	","0.00	",,"用户催单；	",,,,,,,,
"31284503901843816	","2020-03-25 11:51:07	","花生活鲜花（花之恋鲜花店）	","3128450	","绍兴	","245.00	","0.00	",,"拣货超时；	",,,,,,,,
"34680331288587416	","2020-03-23 12:36:32	","花生活鲜花（家美园艺）	","3468033	","上海	","361.00	","0.00	",,"拣货超时；	",,,,,,,,
"20951234289638427	","2020-03-08 12:31:21	","花生活鲜花（遇见花艺馆）	","2095123	","郴州	","296.00	","0.00	",,"用户催单；	",,,,,,,,
"57407410682197738	","2020-03-20 08:05:45	","花生活鲜花（唯爱花艺）	","5740741	","银川	","255.00	","255.00	","『挚爱』11枝红玫瑰花+2只小熊圣诞礼盒送女友闺蜜生日鲜花店*数量1	","商家超时未接单；	",,,,,,,,
"34680332776558867	","2020-03-24 18:42:55	","花生活鲜花（家美园艺）	","3468033	","上海	","245.00	","0.00	",,"拣货超时；	",,,,,,,,
"20951230685164998	","2020-03-08 13:45:10	","花生活鲜花（遇见花艺馆）	","2095123	","郴州	","370.00	","0.00	",,"用户催单；	",,,,,,,,
"20951230888591231	","2020-03-13 18:03:47	","花生活鲜花（遇见花艺馆）	","2095123	","郴州	","245.00	","0.00	",,"用户催单；	",,,,,,,,
"15231420188082545	","2020-03-08 13:33:32	","花生活鲜花（明珠鲜花坊）	","1523142	","西宁	","478.00	","0.00	",,"拣货超时；	",,,,,,,,
"34680330045538585	","2020-03-25 10:38:37	","花生活鲜花（家美园艺）	","3468033	","上海	","245.00	","0.00	",,"拣货超时；	",,,,,,,,
"2956803601357685	","2020-03-07 11:59:44	","花生活鲜花（鲜花格格花艺生活馆）	","295680	","绵阳	","236.00	","0.00	",,"拣货超时；	",,,,,,,,
"34680332264419357	","2020-03-27 10:12:42	","花生活鲜花（家美园艺）	","3468033	","上海	","248.00	","0.00	",,"拣货超时；	",,,,,,,,
"2956804046540267	","2020-03-08 09:19:41	","花生活鲜花（鲜花格格花艺生活馆）	","295680	","绵阳	","278.00	","0.00	",,"拣货超时；	",,,,,,,,
"16961753601357685	","2020-03-07 23:30:34	","花生活鲜花（520鲜花园艺）	","1696175	","上海	","276.00	","276.00	","『青春永驻』11枝粉色康乃馨花束 三八妇女节女神礼物花束*数量1	","商家拒单；	",,,,,,,,
"20951231126386827	","2020-03-31 00:43:23	","花生活鲜花（遇见花艺馆）	","2095123	","郴州	","208.00	","0.00	",,"用户催单；	",,,,,,,,
"34680333696872673	","2020-03-28 12:43:01	","花生活鲜花（家美园艺）	","3468033	","上海	","219.00	","0.00	",,"拣货超时；	",,,,,,,,
"26662404046540267	","2020-03-08 08:21:33	","花生活鲜花（祥和鲜花）	","2666240	","青岛	","278.00	","0.00	",,"拣货超时；	",,,,,,,,
"19718692405081402	","2020-03-08 15:52:40	","花生活鲜花（嘿花哨花艺）	","1971869	","遵义	","495.00	","0.00	",,"用户催单；	",,,,,,,,
"6429892559640493	","2020-03-16 13:12:28	","花生活鲜花（春季花艺）	","642989	","合肥	","245.00	","0.00	",,"用户催单；	",,,,,,,,
"34680331448383516	","2020-03-08 14:39:23	","花生活鲜花（家美园艺）	","3468033	","上海	","398.00	","0.00	",,"用户催单；	",,,,,,,,
"7141422073735011	","2020-03-08 09:43:15	","花生活鲜花（情意浓花店）	","714142	","温州	","373.00	","0.00	",,"用户催单；	",,,,,,,,
"26662400251865799	","2020-03-08 12:22:42	","花生活鲜花（祥和鲜花）	","2666240	","青岛	","216.00	","0.00	",,"拣货超时；	",,,,,,,,
"29220994046540267	","2020-03-08 15:38:34	","花生活鲜花（小草堂花艺生活馆）	","2922099	","太原	","296.00	","0.00	",,"拣货超时；	",,,,,,,,
"19718690752613205	","2020-03-08 16:29:20	","花生活鲜花（嘿花哨花艺）	","1971869	","遵义	","208.00	","208.00	","『皓月当空』11枝红玫瑰搭配满天星礼盒38妇女节爆款送女友*数量1	","缺货导致退款；	",,,,,,,,
"34680332017194328	","2020-03-14 12:26:07	","花生活鲜花（家美园艺）	","3468033	","上海	","138.00	","0.00	",,"拣货超时；	",,,,,,,,
"7141420045538585	","2020-03-25 08:23:07	","花生活鲜花（情意浓花店）	","714142	","温州	","518.00	","0.00	",,"用户催单；	",,,,,,,,
"29220992695248334	","2020-03-22 11:06:33	","花生活鲜花（小草堂花艺生活馆）	","2922099	","太原	","216.00	","0.00	",,"用户催单；	",,,,,,,,
"15231424046540267	","2020-03-08 11:51:44	","花生活鲜花（明珠鲜花坊）	","1523142	","西宁	","378.00	","0.00	",,"用户催单；	",,,,,,,,
"34680333681389853	","2020-03-14 12:43:44	","花生活鲜花（家美园艺）	","3468033	","上海	","211.00	","0.00	",,"拣货超时；	",,,,,,,,
"19718691097789639	","2020-03-08 16:29:41	","花生活鲜花（嘿花哨花艺）	","1971869	","遵义	","345.00	","345.00	","『枫叶流丹』11枝红玫瑰搭配白桔梗礼盒情人节送女友鲜花店*数量1	","缺货导致退款；	",,,,,,,,
"30270694046540267	","2020-03-08 08:14:42	","花生活鲜花（艺都鲜花）	","3027069	","宁波	","236.00	","0.00	",,"拣货超时；	",,,,,,,,
"15231421079346474	","2020-03-08 11:58:34	","花生活鲜花（明珠鲜花坊）	","1523142	","西宁	","296.00	","0.00	",,"拣货超时；用户催单；	",,,,,,,,
"30270691079346474	","2020-03-08 09:33:00	","花生活鲜花（艺都鲜花）	","3027069	","宁波	","256.00	","0.00	",,"拣货超时；	",,,,,,,,
"34680332694263101	","2020-03-14 13:42:22	","花生活鲜花（家美园艺）	","3468033	","上海	","131.00	","0.00	",,"拣货超时；	",,,,,,,,
"20060701079346474	","2020-03-08 10:48:50	","花生活鲜花（伊馨花坊）	","2006070	","上海	","278.00	","0.00	",,"拣货超时；用户催单；	",,,,,,,,
"34680334050024121	","2020-03-14 16:46:51	","花生活鲜花（家美园艺）	","3468033	","上海	","245.00	","0.00	",,"拣货超时；	",,,,,,,,
"20951230961429498	","2020-03-08 09:18:52	","花生活鲜花（遇见花艺馆）	","2095123	","郴州	","236.00	","0.00	",,"用户催单；	",,,,,,,,
"34680333948536303	","2020-03-14 17:52:00	","花生活鲜花（家美园艺）	","3468033	","上海	","245.00	","0.00	",,"拣货超时；	",,,,,,,,
"20951233278305652	","2020-03-08 10:26:44	","花生活鲜花（遇见花艺馆）	","2095123	","郴州	","236.00	","0.00	",,"用户催单；	",,,,,,,,
"34680332543721461	","2020-03-15 09:26:46	","花生活鲜花（家美园艺）	","3468033	","上海	","338.00	","0.00	",,"拣货超时；	",,,退款信息,门店/顾客,退款理由,取消原因,退款情况,退款备注
"34680330370061302	","2020-03-17 12:33:02	","花生活鲜花（家美园艺）	","3468033	","上海	","245.00	","0.00	",,"拣货超时；	",,,订单取消自动确认退款,,订单取消时，自动退款,下单超时未确认，系统自动取消,,店铺已打烊
"73101882405081402	","2020-03-08 18:00:54	","花生活鲜花（伊佰莲鲜花婚庆）	","7310188	","绍兴	","395.00	","395.00	","『Classic B4款』表白神器 11枝红玫瑰+配草鲜花店*数量1	","缺货导致退款；	",,,顾客申请全额退款,,计划有变，我不想要了,,,转单门店
"67294484050024121	","2020-03-14 21:07:20	","花生活鲜花（千百卉鲜花店）	","6729448	","贵阳	","245.00	","0.00	",,"拣货超时；	",,,顾客申请极速退款,,计划有变，我不想要了,商家开通极速退款服务，用户申请系统自动通过,,顾客在一分钟内极速退款
"69562670961429498	","2020-03-08 09:16:00	","花生活鲜花（佳人婚庆店）	","6956267	","常州	","256.00	","0.00	",,"用户催单；	",,,订单取消自动确认退款,,订单取消时，自动退款,下单超时未确认，系统自动取消,,门店没注意，所以没接到
"67294482559640493	","2020-03-16 09:31:17	","花生活鲜花（千百卉鲜花店）	","6729448	","贵阳	","256.00	","0.00	",,"拣货超时；	",,,订单取消自动确认退款,,订单取消时，自动退款,下单超时未确认，系统自动取消,,太便宜了，不想做
"73101881525647997	","2020-03-14 17:31:05	","花生活鲜花（伊佰莲鲜花婚庆）	","7310188	","绍兴	","208.00	","0.00	",,"用户催单；	",,,订单取消自动确认退款,,订单取消时，自动退款,下单超时未确认，系统自动取消,,他说想退就退了
"69562670251865799	","2020-03-08 13:38:48	","花生活鲜花（佳人婚庆店）	","6956267	","常州	","320.00	","0.00	",,"用户催单；	",,,订单取消自动确认退款,,订单取消时，自动退款,下单超时未确认，系统自动取消,,没有注意到订单
"67294481875518969	","2020-03-16 10:08:17	","花生活鲜花（千百卉鲜花店）	","6729448	","贵阳	","199.00	","0.00	",,"拣货超时；	",,,顾客申请全额退款,,计划有变，我不想要了,,商家拒绝全额退款,订单已经成功配送了，跟顾客沟通了
"68267100085732698	","2020-03-28 00:29:27	","花生活鲜花（LOVE鲜花店）	","6826710	","廊坊	","788.00	","788.00	","『Black yarn E1款』99枝红玫瑰花儿黑纱花束*数量1	","商家超时未接单；	",,,顾客申请极速退款,,计划有变，我不想要了,商家开通极速退款服务，用户申请系统自动通过,商家开通极速退款服务，顾客申请系统自动通过,
"69562670752613205	","2020-03-08 13:44:57	","花生活鲜花（佳人婚庆店）	","6956267	","常州	","158.00	","0.00	",,"用户催单；	",,,订单取消自动确认退款,,订单取消时，自动退款,重复订单,该笔钱会自动退回给顾客,定重复了多了
"73101882776558867	","2020-03-24 17:36:23	","花生活鲜花（伊佰莲鲜花婚庆）	","7310188	","绍兴	","256.00	","0.00	",,"用户催单；	",,,顾客申请全额退款,,计划有变，我不想要了,商家同意退款,该笔钱会自动退回给顾客,顾客不想要了
"67294482212203189	","2020-03-16 19:20:12	","花生活鲜花（千百卉鲜花店）	","6729448	","贵阳	","245.00	","0.00	",,"拣货超时；	",,,顾客申请全额退款,,商家无法提供服务,商家同意退款,该笔钱会自动退回给顾客,门店开门没有插花师
"69562671097789639	","2020-03-08 15:11:16	","花生活鲜花（佳人婚庆店）	","6956267	","常州	","320.00	","0.00	",,"用户催单；	",,,订单取消自动确认退款,,订单取消时，自动退款,,该笔钱会自动退回给顾客,
"73179714046540267	","2020-03-08 12:05:54	","花生活鲜花（如意花坊银川店店）	","7317971	","银川	","268.00	","268.00	","『Classic B4款』表白神器 11枝红玫瑰+配草鲜花店*数量1	","商家超时未接单；	",,,订单取消自动确认退款,,订单取消时，自动退款,,该笔钱会自动退回给顾客,
"68267124046540267	","2020-03-08 08:34:18	","花生活鲜花（流星花园鲜花）	","6826712	","廊坊	","298.00	","0.00	",,"用户催单；	",,,,,,,,
"69562672723043024	","2020-03-15 07:39:29	","花生活鲜花（佳人婚庆店）	","6956267	","常州	","256.00	","0.00	",,"用户催单；	",,,,,,,,
"73179724046540267	","2020-03-08 09:18:22	","花生活鲜花（知音花艺）	","7317972	","金华	","316.00	","0.00	",,"用户催单；	",,,,,,,,
"68267720752613205	","2020-03-08 10:56:54	","花生活鲜花（倾城时光鲜花）	","6826772	","吉安	","229.00	","0.00	",,"用户催单；	",,,,,,,,
"69677671079346474	","2020-03-08 12:24:55	","花生活鲜花（花掌门）	","6967767	","抚顺	","248.00	","0.00	",,"用户催单；	",,,,,,,,
"67294480370061302	","2020-03-17 11:39:22	","花生活鲜花（千百卉鲜花店）	","6729448	","贵阳	","198.00	","0.00	",,"拣货超时；	",,,,,,,,
"68267722559640493	","2020-03-16 08:34:30	","花生活鲜花（倾城时光鲜花）	","6826772	","吉安	","245.00	","0.00	",,"用户催单；	",,,,,,,,
"70222713834452645	","2020-03-06 09:42:05	","花生活鲜花（心艺花店）	","7022271	","长沙	","620.00	","0.00	",,"拣货超时；	",,,,,,,,
"73180322405081402	","2020-03-08 11:13:22	","花生活鲜花（朵美鲜花）	","7318032	","辽阳	","370.00	","0.00	",,"用户催单；	",,,,,,,,
"68810233601357685	","2020-03-07 01:57:14	","花生活鲜花（爱花行）	","6881023	","枣庄	","178.00	","178.00	","花店推荐鲜花 19枝白玫瑰+2只小熊礼盒 送女友情人生日礼物*数量1	","商家超时未接单；	",,,,,,,,
"70222734046540267	","2020-03-08 00:04:42	","花生活鲜花（花漾flower鲜花店）	","7022273	","北京	","208.00	","0.00	",,"用户催单；	",,,,,,,,
"67294481080318292	","2020-03-17 17:10:57	","花生活鲜花（千百卉鲜花店）	","6729448	","贵阳	","298.00	","0.00	",,"拣货超时；	",,,,,,,,
"73180320752613205	","2020-03-08 15:38:19	","花生活鲜花（朵美鲜花）	","7318032	","辽阳	","620.00	","0.00	",,"用户催单；	",,,,,,,,
"68821640961429498	","2020-03-08 22:14:05	","花生活鲜花（天蓉鲜花店）	","6882164	","嘉兴	","236.00	","236.00	","『三八妇女节爆款推荐』11枝粉色康乃馨礼盒 女神节礼物*数量1	","商家拒单；	",,,,,,,,
"70222750961429498	","2020-03-08 08:28:02	","花生活鲜花（太阳红花店）	","7022275	","资阳	","378.00	","378.00	","『鲜眉亮眼』33枝粉玫瑰搭配满天星花束 三八女神节礼物*数量1	","缺货导致退款；	",,,,,,,,
"73180323902514227	","2020-03-10 15:02:48	","花生活鲜花（朵美鲜花）	","7318032	","辽阳	","378.00	","0.00	",,"用户催单；	",,,,,,,,
"69283993278305652	","2020-03-08 18:48:47	","花生活鲜花（有间鲜花店）	","6928399	","银川	","236.00	","0.00	",,"用户催单；	",,,,,,,,
"67294482790932115	","2020-03-23 14:05:23	","花生活鲜花（千百卉鲜花店）	","6729448	","贵阳	","256.00	","0.00	",,"用户催单；	",,,,,,,,
"69562671079346474	","2020-03-08 08:45:59	","花生活鲜花（佳人婚庆店）	","6956267	","常州	","236.00	","0.00	",,"用户催单；	",,,,,,,,
"73180321416530108	","2020-03-13 10:30:28	","花生活鲜花（朵美鲜花）	","7318032	","辽阳	","245.00	","0.00	",,"用户催单；	",,,,,,,,
"69562672073735011	","2020-03-08 08:48:41	","花生活鲜花（佳人婚庆店）	","6956267	","常州	","236.00	","0.00	",,"用户催单；	",,,,,,,,
"73490502695248334	","2020-03-22 07:34:56	","花生活鲜花（馨灵花屋）	","7349050	","南平	","358.00	","0.00	",,"用户催单；	",,,,,,,,
"67294482776558867	","2020-03-24 09:15:35	","花生活鲜花（千百卉鲜花店）	","6729448	","贵阳	","148.00	","0.00	",,"拣货超时；	",,,,,,,,
"69562670188082545	","2020-03-08 09:13:42	","花生活鲜花（佳人婚庆店）	","6956267	","常州	","376.00	","0.00	",,"用户催单；	",,,,,,,,
"73490510961429498	","2020-03-08 08:42:57	","花生活鲜花（花聚花艺馆）	","7349051	","合肥	","370.00	","0.00	",,"用户催单；	",,,,,,,,
"67294480259141698	","2020-03-24 15:25:21	","花生活鲜花（千百卉鲜花店）	","6729448	","贵阳	","216.00	","0.00	",,"拣货超时；	",,,,,,,,
"67737270682197738	","2020-03-20 08:22:38	","花生活鲜花（水滴鲜花花艺）	","6773727	","太原	","298.00	","0.00	",,"用户催单；	",,,,,,,,
"73490511776304077	","2020-03-08 09:36:18	","花生活鲜花（花聚花艺馆）	","7349051	","合肥	","296.00	","0.00	",,"用户催单；	",,,,,,,,
"70223744046540267	","2020-03-08 09:04:28	","花生活鲜花（萍萍花店）	","7022374	","上海	","278.00	","0.00	",,"拣货超时；	",,,,,,,,
"67294482671542429	","2020-03-25 08:33:31	","花生活鲜花（千百卉鲜花店）	","6729448	","贵阳	","216.00	","0.00	",,"拣货超时；	",,,,,,,,
"73490510251865799	","2020-03-08 09:36:35	","花生活鲜花（花聚花艺馆）	","7349051	","合肥	","216.00	","0.00	",,"用户催单；	",,,,,,,,
"70223741079346474	","2020-03-08 16:49:43	","花生活鲜花（萍萍花店）	","7022374	","上海	","256.00	","0.00	",,"拣货超时；	",,,,,,,,
"67739393952177787	","2020-03-07 13:57:25	","花生活鲜花（四季花苑）	","6773939	","宁波	","258.00	","0.00	",,"用户催单；	",,,,,,,,
"73490510752613205	","2020-03-08 10:11:36	","花生活鲜花（花聚花艺馆）	","7349051	","合肥	","320.00	","0.00	",,"用户催单；	",,,,,,,,
"67294481347628390	","2020-03-09 12:56:15	","花生活鲜花（千百卉鲜花店）	","6729448	","贵阳	","512.00	","0.00	",,"拣货超时；	",,,,,,,,
"73490512970212146	","2020-03-08 11:49:32	","花生活鲜花（花聚花艺馆）	","7349051	","合肥	","248.00	","0.00	",,"用户催单；	",,,,,,,,
"70223742559640493	","2020-03-16 13:31:19	","花生活鲜花（萍萍花店）	","7022374	","上海	","298.00	","0.00	",,"拣货超时；	",,,,,,,,
"67739393096044909	","2020-03-08 13:36:05	","花生活鲜花（四季花苑）	","6773939	","宁波	","168.00	","0.00	",,"用户催单；	",,,,,,,,
"73490513153337571	","2020-03-08 11:55:49	","花生活鲜花（花聚花艺馆）	","7349051	","合肥	","620.00	","0.00	",,"用户催单；	",,,,,,,,
"67294483222006433	","2020-03-11 12:04:01	","花生活鲜花（千百卉鲜花店）	","6729448	","贵阳	","256.00	","0.00	",,"拣货超时；	",,,,,,,,
"70940454046540267	","2020-03-08 12:35:09	","花生活鲜花（铭相花缘）	","7094045	","上海	","278.00	","0.00	",,"拣货超时；	",,,,,,,,
"67739392017194328	","2020-03-14 13:48:50	","花生活鲜花（四季花苑）	","6773939	","宁波	","208.00	","0.00	",,"用户催单；	",,,,,,,,
"73490513278305652	","2020-03-08 12:06:12	","花生活鲜花（花聚花艺馆）	","7349051	","合肥	","216.00	","0.00	",,"用户催单；	",,,,,,,,
"67294480521979257	","2020-03-11 16:37:07	","花生活鲜花（千百卉鲜花店）	","6729448	","贵阳	","216.00	","0.00	",,"拣货超时；用户催单；	",,,,,,,,
"67740160188082545	","2020-03-08 09:26:28	","花生活鲜花（婷雅花坊）	","6774016	","马鞍山	","256.00	","0.00	",,"用户催单；	",,,,,,,,
"73927882332143974	","2020-03-30 14:17:56	","花生活鲜花（非凡花艺）	","7392788	","淮安	","245.00	","0.00	",,"用户催单；	",,,,,,,,
"70940452073735011	","2020-03-08 16:02:42	","花生活鲜花（铭相花缘）	","7094045	","上海	","236.00	","0.00	",,"拣货超时；	",,,,,,,,
"67740161776304077	","2020-03-08 10:56:56	","花生活鲜花（婷雅花坊）	","6774016	","马鞍山	","256.00	","0.00	",,"用户催单；	",,,,,,,,
"70940450188082545	","2020-03-08 17:19:11	","花生活鲜花（铭相花缘）	","7094045	","上海	","316.00	","0.00	",,"拣货超时；	",,,,,,,,
"73928930385703699	","2020-03-07 12:59:55	","花生活鲜花（百花轩）	","7392893	","兰州	","278.00	","0.00	",,"用户催单；	",,,,,,,,
"67740161097789639	","2020-03-08 11:36:49	","花生活鲜花（婷雅花坊）	","6774016	","马鞍山	","256.00	","0.00	",,"用户催单；	",,,,,,,,
"73928931776304077	","2020-03-08 12:11:21	","花生活鲜花（百花轩）	","7392893	","兰州	","256.00	","0.00	",,"用户催单；	",,,,,,,,
"67294483864593872	","2020-03-11 17:22:08	","花生活鲜花（千百卉鲜花店）	","6729448	","贵阳	","378.00	","0.00	",,"拣货超时；	",,,,,,,,
"67740162970212146	","2020-03-08 11:45:57	","花生活鲜花（婷雅花坊）	","6774016	","马鞍山	","316.00	","0.00	",,"用户催单；	",,,,,,,,
"70940450961429498	","2020-03-08 17:26:35	","花生活鲜花（铭相花缘）	","7094045	","上海	","278.00	","0.00	",,"拣货超时；	",,,,,,,,
"72078502764866138	","2020-03-08 11:42:53	","花生活鲜花（尚花坊）	","7207850	","亳州	","216.00	","0.00	",,"用户催单；	",,,,,,,,
"67740161525066402	","2020-03-21 11:21:16	","花生活鲜花（婷雅花坊）	","6774016	","马鞍山	","788.00	","0.00	",,"用户催单；	",,,,,,,,
"70940451525647997	","2020-03-14 09:13:32	","花生活鲜花（铭相花缘）	","7094045	","上海	","288.00	","0.00	",,"拣货超时；	",,,,,,,,
"72078501761198375	","2020-03-08 15:37:31	","花生活鲜花（尚花坊）	","7207850	","亳州	","345.00	","0.00	",,"用户催单；	",,,,,,,,
"67294481665274841	","2020-03-11 17:34:59	","花生活鲜花（千百卉鲜花店）	","6729448	","贵阳	","118.00	","0.00	",,"拣货超时；	",,,,,,,,
"72078512970212146	","2020-03-08 14:13:49	","花生活鲜花（龙兴花艺）	","7207851	","龙岩	","326.00	","0.00	",,"用户催单；	",,,,,,,,
"67294482585659653	","2020-03-08 13:01:22	","花生活鲜花（千百卉鲜花店）	","6729448	","贵阳	","245.00	","0.00	",,"拣货超时；	",,,,,,,,
"70940451944367244	","2020-03-16 14:36:50	","花生活鲜花（铭相花缘）	","7094045	","上海	","245.00	","0.00	",,"拣货超时；	",,,,,,,,
"67294480615446436	","2020-03-12 11:19:18	","花生活鲜花（千百卉鲜花店）	","6729448	","贵阳	","849.00	","0.00	",,"拣货超时；	",,,,,,,,
"72078510085732698	","2020-03-28 15:14:33	","花生活鲜花（龙兴花艺）	","7207851	","龙岩	","398.00	","0.00	",,"用户催单；	",,,,,,,,
"67294482397165030	","2020-03-08 13:21:44	","花生活鲜花（千百卉鲜花店）	","6729448	","贵阳	","216.00	","0.00	",,"用户催单；	",,,,,,,,
"70940451649675795	","2020-03-17 15:09:42	","花生活鲜花（铭相花缘）	","7094045	","上海	","208.00	","0.00	",,"拣货超时；	",,,,,,,,
"72644704046540267	","2020-03-08 10:38:26	","花生活鲜花（栖梧花店）	","7264470	","厦门	","278.00	","0.00	",,"拣货超时；	",,,,,,,,
"67294481416530108	","2020-03-13 09:19:21	","花生活鲜花（千百卉鲜花店）	","6729448	","贵阳	","298.00	","0.00	",,"用户催单；	",,,,,,,,
"67294480367036047	","2020-03-08 13:30:47	","花生活鲜花（千百卉鲜花店）	","6729448	","贵阳	","316.00	","0.00	",,"拣货超时；	",,,,,,,,
"72644721525647997	","2020-03-14 01:23:52	","花生活鲜花（花朝鲜花店）	","7264472	","合肥	","198.00	","198.00	","『岁月如歌』3枝向日葵搭配桔梗花束 送老师 情人节礼物*数量1	","商家超时未接单；	",,,,,,,,
"67294483904217744	","2020-03-08 13:54:29	","花生活鲜花（千百卉鲜花店）	","6729448	","贵阳	","208.00	","0.00	",,"拣货超时；	",,,,,,,,
"67294482749901606	","2020-04-01 11:10:18	","花生活鲜花（千百卉鲜花店）	","6729448	","贵阳	","245.00	","0.00	",,"拣货超时；	",,,,,,,,
"67294484181236210	","2020-03-13 13:16:09	","花生活鲜花（千百卉鲜花店）	","6729448	","贵阳	","245.00	","0.00	",,"拣货超时；	",,,,,,,,
"72644722017194328	","2020-03-14 11:28:05	","花生活鲜花（花朝鲜花店）	","7264472	","合肥	","198.00	","198.00	","『岁月如歌』3枝向日葵搭配桔梗花束 送老师 情人节礼物*数量1	","商家拒单；	",,,,,,,,
"67294481261146651	","2020-04-01 15:02:59	","花生活鲜花（千百卉鲜花店）	","6729448	","贵阳	","378.00	","0.00	",,"拣货超时；	",,,,,,,,
"67294481761198375	","2020-03-08 14:29:49	","花生活鲜花（千百卉鲜花店）	","6729448	","贵阳	","256.00	","256.00	","『绝代佳人』11枝混搭玫瑰+满天星礼盒 三八妇女节女神节礼物*数量1	","质量问题导致退款；拣货超时；	",,,,,,,,
"73101884046540267	","2020-03-08 10:50:17	","花生活鲜花（伊佰莲鲜花婚庆）	","7310188	","绍兴	","620.00	","0.00	",,"用户催单；	",,,,,,,,
"67294483681389853	","2020-03-14 14:28:12	","花生活鲜花（千百卉鲜花店）	","6729448	","贵阳	","245.00	","0.00	",,"拣货超时；	",,,,,,,,
"67737114046540267	","2020-03-08 12:51:13	","花生活鲜花（o用花艺）	","6773711	","贵阳	","275.00	","0.00	",,"拣货超时；	",,,,,,,,
"67294481562033574	","2020-03-08 15:00:47	","花生活鲜花（千百卉鲜花店）	","6729448	","贵阳	","245.00	","0.00	",,"拣货超时；	",,,,,,,,
"73101882073735011	","2020-03-08 13:43:18	","花生活鲜花（伊佰莲鲜花婚庆）	","7310188	","绍兴	","370.00	","0.00	",,"用户催单；	",,,,,,,,
"67294481961307099	","2020-03-08 15:11:55	","花生活鲜花（千百卉鲜花店）	","6729448	","贵阳	","168.00	","0.00	",,"拣货超时；	",,,,,,,,
"67737110188082545	","2020-03-08 14:49:21	","花生活鲜花（o用花艺）	","6773711	","贵阳	","278.00	","0.00	",,"拣货超时；	",,,,,,,,
"73101880961429498	","2020-03-08 15:18:24	","花生活鲜花（伊佰莲鲜花婚庆）	","7310188	","绍兴	","256.00	","0.00	",,"拣货超时；	",,,,,,,,
"67294483901843816	","2020-03-25 11:55:17	","花生活鲜花（千百卉鲜花店）	","6729448	","贵阳	","316.00	","0.00	",,"拣货超时；	",,,,,,,,
"67294482712680479	","2020-03-08 15:22:20	","花生活鲜花（千百卉鲜花店）	","6729448	","贵阳	","370.00	","0.00	",,"拣货超时；	",,,,,,,,
"67737110287406540	","2020-03-12 09:54:38	","花生活鲜花（o用花艺）	","6773711	","贵阳	","445.00	","0.00	",,"拣货超时；	",,,,,,,,
"70940450045538585	","2020-03-25 12:39:26	","花生活鲜花（铭相花缘）	","7094045	","上海	","398.00	","0.00	",,"拣货超时；	",,,,,,,,
"67294483406422179	","2020-03-25 15:16:18	","花生活鲜花（千百卉鲜花店）	","6729448	","贵阳	","216.00	","0.00	",,"拣货超时；	",,,,,,,,
"67294481448383516	","2020-03-08 15:37:02	","花生活鲜花（千百卉鲜花店）	","6729448	","贵阳	","574.00	","0.00	",,"拣货超时；	",,,,,,,,
"71661102073735011	","2020-03-08 10:16:38	","花生活鲜花（花香鲜花店）	","7166110	","泸州	","478.00	","0.00	",,"用户催单；	",,,,,,,,
"67737111126386827	","2020-03-31 12:49:41	","花生活鲜花（o用花艺）	","6773711	","贵阳	","245.00	","0.00	",,"拣货超时；	",,,,,,,,
"67294483920626413	","2020-03-08 16:00:52	","花生活鲜花（千百卉鲜花店）	","6729448	","贵阳	","320.00	","0.00	",,"拣货超时；	",,,,,,,,
"71661100961429498	","2020-03-08 11:00:33	","花生活鲜花（花香鲜花店）	","7166110	","泸州	","248.00	","0.00	",,"用户催单；	",,,,,,,,
"67294480775350659	","2020-03-26 14:36:50	","花生活鲜花（千百卉鲜花店）	","6729448	","贵阳	","258.00	","0.00	",,"拣货超时；	",,,,,,,,
"67737174046540267	","2020-03-08 13:22:13	","花生活鲜花（紫薇鲜花坊）	","6773717	","南充	","278.00	","0.00	",,"用户催单；	",,,,,,,,
"71947211645005148	","2020-03-06 09:14:40	","花生活鲜花（四季春花艺美学馆）	","7194721	","丽江	","630.00	","0.00	",,"用户催单；	",,,,,,,,
"67294481137008837	","2020-03-08 16:01:39	","花生活鲜花（千百卉鲜花店）	","6729448	","贵阳	","245.00	","0.00	",,"拣货超时；	",,,,,,,,
"71947212017194328	","2020-03-14 18:51:09	","花生活鲜花（四季春花艺美学馆）	","7194721	","丽江	","218.00	","0.00	",,"用户催单；	",,,,,,,,
"67737172776558867	","2020-03-24 16:45:55	","花生活鲜花（紫薇鲜花坊）	","6773717	","南充	","338.00	","0.00	",,"用户催单；	",,,,,,,,
"67294483696065881	","2020-03-26 22:52:02	","花生活鲜花（千百卉鲜花店）	","6729448	","贵阳	","88.00	","0.00	",,"拣货超时；	",,,,,,,,
"67294484289638427	","2020-03-08 16:27:07	","花生活鲜花（千百卉鲜花店）	","6729448	","贵阳	","208.00	","0.00	",,"拣货超时；	",,,,,,,,
"71947211649675795	","2020-03-17 13:23:54	","花生活鲜花（四季春花艺美学馆）	","7194721	","丽江	","308.00	","0.00	",,"用户催单；	",,,,,,,,
"67737221126386827	","2020-03-31 12:34:20	","花生活鲜花（名缘花卉）	","6773722	","六安	","328.00	","0.00	",,"用户催单；	",,,,,,,,
"72078431079346474	","2020-03-08 08:52:41	","花生活鲜花（花殿鲜花店）	","7207843	","呼伦贝尔	","256.00	","256.00	","『心中的你』11枝香槟玫瑰搭配满天星礼盒 三八女神节礼物*数量1	","商家拒单；	",,,,,,,,
"67294482562878750	","2020-03-27 14:42:56	","花生活鲜花（千百卉鲜花店）	","6729448	","贵阳	","320.00	","0.00	",,"拣货超时；	",,,,,,,,
"67294483317728347	","2020-03-08 16:30:52	","花生活鲜花（千百卉鲜花店）	","6729448	","贵阳	","316.00	","0.00	",,"拣货超时；	",,,,,,,,
"67737271776304077	","2020-03-08 10:27:37	","花生活鲜花（水滴鲜花花艺）	","6773727	","太原	","278.00	","0.00	",,"用户催单；	",,,,,,,,
"67294481659613103	","2020-03-08 16:34:16	","花生活鲜花（千百卉鲜花店）	","6729448	","贵阳	","245.00	","0.00	",,"拣货超时；	",,,,,,,,
"72078462723043024	","2020-03-15 14:19:03	","花生活鲜花（极乐莲华鲜花）	","7207846	","杭州	","278.00	","0.00	",,"用户催单；	",,,,,,,,
"67294482264419357	","2020-03-27 16:47:18	","花生活鲜花（千百卉鲜花店）	","6729448	","贵阳	","248.00	","0.00	",,"拣货超时；	",,,,,,,,
"67294480871419258	","2020-03-08 16:57:54	","花生活鲜花（千百卉鲜花店）	","6729448	","贵阳	","320.00	","0.00	",,"拣货超时；	",,,,,,,,
"72078500713009597	","2020-03-08 11:37:22	","花生活鲜花（尚花坊）	","7207850	","亳州	","316.00	","0.00	",,"用户催单；	",,,,,,,,
"67294481079346474	","2020-03-08 09:45:31	","花生活鲜花（千百卉鲜花店）	","6729448	","贵阳	","320.00	","0.00	",,"拣货超时；	",,,,,,,,
"67294480685164998	","2020-03-08 17:01:03	","花生活鲜花（千百卉鲜花店）	","6729448	","贵阳	","256.00	","0.00	",,"拣货超时；	",,,,,,,,
"67294483696872673	","2020-03-28 11:58:16	","花生活鲜花（千百卉鲜花店）	","6729448	","贵阳	","490.00	","0.00	",,"拣货超时；	",,,,,,,,
"67294481614285738	","2020-03-06 09:37:45	","花生活鲜花（千百卉鲜花店）	","6729448	","贵阳	","256.00	","0.00	",,"拣货超时；	",,,,,,,,
"67294482073735011	","2020-03-08 09:58:06	","花生活鲜花（千百卉鲜花店）	","6729448	","贵阳	","316.00	","0.00	",,"用户催单；	",,,,,,,,
"67294482677604527	","2020-03-08 17:08:06	","花生活鲜花（千百卉鲜花店）	","6729448	","贵阳	","275.00	","0.00	",,"拣货超时；	",,,,,,,,
"67294481645005148	","2020-03-06 10:27:31	","花生活鲜花（千百卉鲜花店）	","6729448	","贵阳	","268.00	","0.00	",,"拣货超时；	",,,,,,,,
"67294482688488193	","2020-03-31 09:01:10	","花生活鲜花（千百卉鲜花店）	","6729448	","贵阳	","245.00	","0.00	",,"拣货超时；用户催单；	",,,,,,,,
"67294480804811111	","2020-03-08 17:58:31	","花生活鲜花（千百卉鲜花店）	","6729448	","贵阳	","245.00	","0.00	",,"拣货超时；	",,,,,,,,
"67294480961429498	","2020-03-08 10:25:38	","花生活鲜花（千百卉鲜花店）	","6729448	","贵阳	","208.00	","0.00	",,"拣货超时；	",,,,,,,,
"67294482395020179	","2020-03-06 11:49:34	","花生活鲜花（千百卉鲜花店）	","6729448	","贵阳	","320.00	","0.00	",,"拣货超时；	",,,,,,,,
"67294484120087392	","2020-03-08 17:58:55	","花生活鲜花（千百卉鲜花店）	","6729448	","贵阳	","256.00	","0.00	",,"拣货超时；	",,,,,,,,
"67294480793764473	","2020-04-01 08:31:30	","花生活鲜花（千百卉鲜花店）	","6729448	","贵阳	","245.00	","0.00	",,"拣货超时；	",,,,,,,,
"67294480751171285	","2020-03-06 12:34:38	","花生活鲜花（千百卉鲜花店）	","6729448	","贵阳	","256.00	","0.00	",,"拣货超时；	",,,,,,,,
"67294482405081402	","2020-03-08 10:51:06	","花生活鲜花（千百卉鲜花店）	","6729448	","贵阳	","296.00	","0.00	",,"拣货超时；	",,,,,,,,
"67294480752613205	","2020-03-08 10:57:05	","花生活鲜花（千百卉鲜花店）	","6729448	","贵阳	","278.00	","0.00	",,"拣货超时；	",,,,,,,,
"67294480611544990	","2020-03-06 14:31:50	","花生活鲜花（千百卉鲜花店）	","6729448	","贵阳	","295.00	","0.00	",,"拣货超时；	",,,,,,,,
"67294483601357685	","2020-03-07 11:47:03	","花生活鲜花（千百卉鲜花店）	","6729448	","贵阳	","245.00	","0.00	",,"拣货超时；	",,,,,,,,
"67294481097789639	","2020-03-08 11:07:10	","花生活鲜花（千百卉鲜花店）	","6729448	","贵阳	","128.00	","0.00	",,"拣货超时；	",,,,,,,,
"67294481880868044	","2020-03-07 13:50:54	","花生活鲜花（千百卉鲜花店）	","6729448	","贵阳	","168.00	","0.00	",,"拣货超时；	",,,,,,,,
"67294482970212146	","2020-03-08 11:41:21	","花生活鲜花（千百卉鲜花店）	","6729448	","贵阳	","316.00	","0.00	",,"拣货超时；	",,,,,,,,
"67294482693677085	","2020-03-07 14:56:02	","花生活鲜花（千百卉鲜花店）	","6729448	","贵阳	","128.00	","0.00	",,"拣货超时；	",,,,,,,,
"67294483278305652	","2020-03-08 12:07:46	","花生活鲜花（千百卉鲜花店）	","6729448	","贵阳	","298.00	","0.00	",,"拣货超时；	",,,,,,,,
"67294484046540267	","2020-03-08 09:39:52	","花生活鲜花（千百卉鲜花店）	","6729448	","贵阳	","388.00	","0.00	",,"拣货超时；	",,,,,,,,
"67294481150757396	","2020-03-08 12:18:56	","花生活鲜花（千百卉鲜花店）	","6729448	","贵阳	","245.00	","0.00	",,"拣货超时；	",,,,,,,,
"67294480713009597	","2020-03-08 12:46:22	","花生活鲜花（千百卉鲜花店）	","6729448	","贵阳	","216.00	","0.00	",,"拣货超时；	",,,,,,,,
"75152862764866138	","2020-03-08 11:16:37	","花生活鲜花（窑辉鲜花礼仪）	","7515286	","拉萨	","710.00	","0.00	",,"用户催单；	",,,,,,,,
"74752980624233098	","2020-03-08 17:19:47	","花生活鲜花（香阁丽娜）	","7475298	","遵义	","241.00	","241.00	","『青春永驻』11枝粉色康乃馨花束 三八妇女节女神礼物花束*数量1	","用户催单；	",,,,,,,,
"76905670961429498	","2020-03-08 15:15:42	","花生活鲜花（温馨花店）	","7690567	","重庆	","629.00	","0.00	",,"拣货超时；	",,,,,,,,
"75152860367036047	","2020-03-08 11:40:08	","花生活鲜花（窑辉鲜花礼仪）	","7515286	","拉萨	","685.00	","0.00	",,"用户催单；	",,,,,,,,
"76905672405081402	","2020-03-08 15:21:19	","花生活鲜花（温馨花店）	","7690567	","重庆	","298.00	","0.00	",,"拣货超时；	",,,,,,,,
"74752980804811111	","2020-03-08 17:20:41	","花生活鲜花（香阁丽娜）	","7475298	","遵义	","620.00	","620.00	","『盛夏光年』33枝红玫瑰黑纱花束情人节送女友鲜花店*数量1	","用户催单；	",,,,,,,,
"74752980385703699	","2020-03-07 11:35:31	","花生活鲜花（香阁丽娜）	","7475298	","遵义	","370.00	","0.00	",,"用户催单；	",,,,,,,,
"76905671776304077	","2020-03-08 15:26:58	","花生活鲜花（温馨花店）	","7690567	","重庆	","298.00	","0.00	",,"拣货超时；	",,,,,,,,
"74752981861229394	","2020-03-08 17:35:46	","花生活鲜花（香阁丽娜）	","7475298	","遵义	","278.00	","0.00	",,"用户催单；	",,,,,,,,
"75152862522123276	","2020-03-08 12:38:37	","花生活鲜花（窑辉鲜花礼仪）	","7515286	","拉萨	","705.00	","0.00	",,"用户催单；	",,,,,,,,
"77859670961429498	","2020-03-08 12:48:31	","花生活鲜花（芸花坊）	","7785967	","抚顺	","316.00	","0.00	",,"用户催单；	",,,,,,,,
"74752984046540267	","2020-03-08 01:24:06	","花生活鲜花（香阁丽娜）	","7475298	","遵义	","620.00	","0.00	",,"用户催单；	",,,,,,,,
"74752980084859587	","2020-03-08 18:14:47	","花生活鲜花（香阁丽娜）	","7475298	","遵义	","532.00	","532.00	","『青春永驻』11枝粉色康乃馨花束 三八妇女节女神礼物花束*数量1 + 『爱情契约』11枝粉色康乃馨搭配8枝玫瑰混搭花束 38女神节*数量1	","商家拒单；	",,,,,,,,
"75152863354980958	","2020-03-08 12:58:20	","花生活鲜花（窑辉鲜花礼仪）	","7515286	","拉萨	","690.00	","0.00	",,"用户催单；	",,,,,,,,
"77859672017194328	","2020-03-14 19:17:54	","花生活鲜花（芸花坊）	","7785967	","抚顺	","258.00	","258.00	","满天星『以爱为名』*数量1	","商家拒单；	",,,,,,,,
"75152861562033574	","2020-03-08 13:18:51	","花生活鲜花（窑辉鲜花礼仪）	","7515286	","拉萨	","345.00	","0.00	",,"用户催单；	",,,,,,,,
"74752981079346474	","2020-03-08 08:00:05	","花生活鲜花（香阁丽娜）	","7475298	","遵义	","216.00	","0.00	",,"用户催单；	",,,,,,,,
"74752983181598359	","2020-03-17 15:26:14	","花生活鲜花（香阁丽娜）	","7475298	","遵义	","338.00	","0.00	",,"用户催单；	",,,,,,,,
"79071443601357685	","2020-03-07 01:02:44	","花生活鲜花（千卉阁花艺）	","7907144	","贵阳	","299.00	","299.00	","『爱的气息』19枝红玫瑰鲜花礼盒 三八妇女节38女神节礼物*数量1	","商家超时未接单；	",,,,,,,,
"74752983044194780	","2020-03-17 15:45:21	","花生活鲜花（香阁丽娜）	","7475298	","遵义	","245.00	","0.00	",,"用户催单；	",,,,,,,,
"74752980188082545	","2020-03-08 09:23:16	","花生活鲜花（香阁丽娜）	","7475298	","遵义	","345.00	","0.00	",,"用户催单；	",,,,,,,,
"75152861961307099	","2020-03-08 13:24:28	","花生活鲜花（窑辉鲜花礼仪）	","7515286	","拉萨	","148.00	","0.00	",,"用户催单；	",,,,,,,,
"79340750287406540	","2020-03-12 01:37:09	","花生活鲜花（红玫瑰鲜花婚庆）	","7934075	","榆林	","298.00	","0.00	",,"用户催单；	",,,,,,,,
"74752981160231429	","2020-03-22 18:42:18	","花生活鲜花（香阁丽娜）	","7475298	","遵义	","245.00	","0.00	",,"用户催单；	",,,,,,,,
"74752980961429498	","2020-03-08 09:30:48	","花生活鲜花（香阁丽娜）	","7475298	","遵义	","208.00	","0.00	",,"用户催单；	",,,,,,,,
"75152861659613103	","2020-03-08 18:01:29	","花生活鲜花（窑辉鲜花礼仪）	","7515286	","拉萨	","378.00	","0.00	",,"用户催单；	",,,,,,,,
"79340770385703699	","2020-03-07 11:22:04	","花生活鲜花（夜来香鲜花）	","7934077	","北京	","253.00	","0.00	",,"用户催单；	",,,,,,,,
"74752980251865799	","2020-03-08 10:08:21	","花生活鲜花（香阁丽娜）	","7475298	","遵义	","278.00	","0.00	",,"用户催单；	",,,,,,,,
"74752982522123276	","2020-03-08 13:22:29	","花生活鲜花（香阁丽娜）	","7475298	","遵义	","216.00	","0.00	",,"用户催单；	",,,,,,,,
"75454873601357685	","2020-03-07 12:42:08	","花生活鲜花（雨辉花店）	","7545487	","福州	","629.00	","0.00	",,"用户催单；	",,,,,,,,
"74752981097789639	","2020-03-08 10:12:49	","花生活鲜花（香阁丽娜）	","7475298	","遵义	","236.00	","0.00	",,"用户催单；	",,,,,,,,
"79340771079346474	","2020-03-08 10:35:50	","花生活鲜花（夜来香鲜花）	","7934077	","北京	","375.00	","0.00	",,"用户催单；	",,,,,,,,
"74752981448383516	","2020-03-08 14:18:55	","花生活鲜花（香阁丽娜）	","7475298	","遵义	","278.00	","0.00	",,"用户催单；	",,,,,,,,
"75454884046540267	","2020-03-08 09:08:21	","花生活鲜花（海天花艺）	","7545488	","咸阳	","216.00	","0.00	",,"用户催单；	",,,,,,,,
"79340772405081402	","2020-03-08 14:24:35	","花生活鲜花（夜来香鲜花）	","7934077	","北京	","566.00	","0.00	",,"用户催单；	",,,,,,,,
"74752983278305652	","2020-03-08 10:43:42	","花生活鲜花（香阁丽娜）	","7475298	","遵义	","236.00	","0.00	",,"用户催单；	",,,,,,,,
"74752983920626413	","2020-03-08 14:22:11	","花生活鲜花（香阁丽娜）	","7475298	","遵义	","216.00	","216.00	","『青春永驻』11枝粉色康乃馨花束 三八妇女节女神礼物花束*数量1	","用户催单；	",,,,,,,,
"74752981150757396	","2020-03-08 11:02:42	","花生活鲜花（香阁丽娜）	","7475298	","遵义	","261.00	","0.00	",,"用户催单；	",,,,,,,,
"79946714046540267	","2020-03-08 12:03:27	","花生活鲜花（爱花坊鲜花店）	","7994671	","温州	","370.00	","0.00	",,"用户催单；	",,,,,,,,
"74752981137008837	","2020-03-08 14:25:47	","花生活鲜花（香阁丽娜）	","7475298	","遵义	","278.00	","0.00	",,"用户催单；	",,,,,,,,
"75454881079346474	","2020-03-08 09:17:34	","花生活鲜花（海天花艺）	","7545488	","咸阳	","370.00	","0.00	",,"用户催单；	",,,,,,,,
"75454880961429498	","2020-03-08 12:29:51	","花生活鲜花（海天花艺）	","7545488	","咸阳	","216.00	","216.00	","『青春永驻』11枝粉色康乃馨花束 三八妇女节女神礼物花束*数量1	","缺货导致退款；	",,,,,,,,
"74752980713009597	","2020-03-08 11:06:44	","花生活鲜花（香阁丽娜）	","7475298	","遵义	","278.00	","0.00	",,"用户催单；	",,,,,,,,
"79946711079346474	","2020-03-08 19:59:03	","花生活鲜花（爱花坊鲜花店）	","7994671	","温州	","256.00	","256.00	","『知书达理』11枝粉玫瑰搭配尤加利礼盒 38女神节礼物*数量1	","用户催单；	",,,,,,,,
"74752981653252408	","2020-03-08 15:28:07	","花生活鲜花（香阁丽娜）	","7475298	","遵义	","288.00	","288.00	","『网红爆款』33枝红玫瑰抱抱桶情人节抖音推荐送女友鲜花店*数量1	","用户催单；	",,,,,,,,
"75454882405081402	","2020-03-08 14:28:55	","花生活鲜花（海天花艺）	","7545488	","咸阳	","216.00	","0.00	",,"用户催单；	",,,,,,,,
"74752982764866138	","2020-03-08 11:29:35	","花生活鲜花（香阁丽娜）	","7475298	","遵义	","208.00	","0.00	",,"用户催单；	",,,,,,,,
"79946731079346474	","2020-03-08 09:58:23	","花生活鲜花（禾木鲜花店）	","7994673	","天津	","236.00	","0.00	",,"用户催单；	",,,,,,,,
"74752981659613103	","2020-03-08 15:38:22	","花生活鲜花（香阁丽娜）	","7475298	","遵义	","278.00	","0.00	",,"用户催单；	",,,,,,,,
"75454890961429498	","2020-03-08 13:02:28	","花生活鲜花（花草堂鲜花店）	","7545489	","银川	","278.00	","0.00	",,"用户催单；	",,,,,,,,
"74752983687109430	","2020-03-08 12:03:24	","花生活鲜花（香阁丽娜）	","7475298	","遵义	","216.00	","0.00	",,"用户催单；	",,,,,,,,
"80685871841929936	","2020-03-18 19:47:09	","花生活鲜花（花轩子鲜花店）	","8068587	","毕节	","199.00	","199.00	","『来自星星的你』蓝色满天星礼盒 送闺蜜 送女朋友 生日花*数量1	","商家超时未接单；	",,,,,,,,
"74752980871419258	","2020-03-08 17:07:00	","花生活鲜花（香阁丽娜）	","7475298	","遵义	","208.00	","0.00	",,"用户催单；	",,,,,,,,
"75454892559640493	","2020-03-16 13:04:21	","花生活鲜花（花草堂鲜花店）	","7545489	","银川	","148.00	","0.00	",,"用户催单；	",,,,,,,,
"74752982397165030	","2020-03-08 12:03:34	","花生活鲜花（香阁丽娜）	","7475298	","遵义	","256.00	","0.00	",,"用户催单；	",,,,,,,,
"76420742671542429	","2020-03-25 09:56:17	","花生活鲜花（云艳花坊）	","7642074	","黄冈	","238.00	","0.00	",,"用户催单；	",,,,,,,,
"75148834046540267	","2020-03-08 14:40:54	","花生活鲜花（倾城花屋）	","7514883	","徐州	","268.00	","0.00	",,"用户催单；	",,,,,,,,
"74752983904217744	","2020-03-08 12:57:11	","花生活鲜花（香阁丽娜）	","7475298	","遵义	","278.00	","278.00	","『女 神 节』19枝红色康乃馨搭配满天星花束 三八女神节礼物*数量1	","商家拒单；用户催单；	",,,,,,,,
"75148922073735011	","2020-03-08 09:34:04	","花生活鲜花（花缘轩）	","7514892	","厦门	","248.00	","0.00	",,"拣货超时；	",,,,,,,,
"76420764046540267	","2020-03-08 13:09:04	","花生活鲜花（百艳鲜花）	","7642076	","威海	","248.00	","248.00	","满天星『以爱为名』*数量1	","缺货导致退款；	",,,,,,,,
"75148860558388210	","2020-03-27 21:49:01	","花生活鲜花（七彩花卉）	","7514886	","黄冈	","316.00	","316.00	","『春暖花开』11枝香槟玫瑰+3朵向日葵+配草花束 女神节礼物*数量1	","商家拒单；	",,,,,,,,
"74752922073735011	","2020-03-08 09:01:21	","花生活鲜花（馨语花屋）	","7475292	","遵义	","629.00	","0.00	",,"用户催单；	",,,,,,,,
"76723703601357685	","2020-03-07 13:35:18	","花生活鲜花（麦花阁鲜花）	","7672370	","杭州	","208.00	","0.00	",,"拣货超时；	",,,,,,,,
"75148920188082545	","2020-03-08 10:48:24	","花生活鲜花（花缘轩）	","7514892	","厦门	","256.00	","0.00	",,"拣货超时；	",,,,,,,,
"75148871079346474	","2020-03-08 09:01:19	","花生活鲜花（平价鲜花坊）	","7514887	","安顺	","256.00	","256.00	","『容颜不老』11枝红玫瑰礼盒 三八妇女节节爆款 送妈妈送女神*数量1	","商家拒单；	",,,,,,,,
"75148920961429498	","2020-03-08 17:51:58	","花生活鲜花（花缘轩）	","7514892	","厦门	","316.00	","0.00	",,"拣货超时；	",,,,,,,,
"74752921347628390	","2020-03-09 17:08:03	","花生活鲜花（馨语花屋）	","7475292	","遵义	","278.00	","278.00	","『仪态万千』11枝粉玫瑰搭配百合满天星花束 三八女神节礼物*数量1	","商家超时未接单；	",,,,,,,,
"75148872405081402	","2020-03-08 14:59:57	","花生活鲜花（平价鲜花坊）	","7514887	","安顺	","256.00	","256.00	","『绝代佳人』11枝混搭玫瑰+满天星礼盒 三八妇女节女神节礼物*数量1	","缺货导致退款；	",,,,,,,,
"75148871347628390	","2020-03-09 20:07:44	","花生活鲜花（平价鲜花坊）	","7514887	","安顺	","216.00	","216.00	","『青春永驻』11枝粉色康乃馨花束 三八妇女节女神礼物花束*数量1	","商家超时未接单；	",,,,,,,,
"74752921416530108	","2020-03-13 10:00:09	","花生活鲜花（馨语花屋）	","7475292	","遵义	","316.00	","0.00	",,"用户催单；	",,,,,,,,
"76723702073735011	","2020-03-08 11:28:56	","花生活鲜花（麦花阁鲜花）	","7672370	","杭州	","298.00	","0.00	",,"拣货超时；	",,,,,,,,
"75148920045538585	","2020-03-25 01:18:18	","花生活鲜花（花缘轩）	","7514892	","厦门	","298.00	","298.00	","『为爱痴狂』19枝红玫瑰搭配尤加利花束情人节送女友鲜花店*数量1	","商家拒单；	",,,,,,,,
"74752921525647997	","2020-03-14 15:02:14	","花生活鲜花（馨语花屋）	","7475292	","遵义	","138.00	","0.00	",,"用户催单；	",,,,,,,,
"76724204046540267	","2020-03-08 08:20:54	","花生活鲜花（义乌鲜花婚庆）	","7672420	","金华	","320.00	","0.00	",,"用户催单；	",,,,,,,,
"74752921601187095	","2020-03-19 15:53:44	","花生活鲜花（馨语花屋）	","7475292	","遵义	","208.00	","0.00	",,"用户催单；	",,,,,,,,
"75152862405081402	","2020-03-08 09:50:20	","花生活鲜花（窑辉鲜花礼仪）	","7515286	","拉萨	","725.00	","0.00	",,"用户催单；	",,,,,,,,
"76905672073735011	","2020-03-08 08:31:06	","花生活鲜花（温馨花店）	","7690567	","重庆	","256.00	","0.00	",,"拣货超时；	",,,,,,,,
"75148874017555811	","2020-03-09 21:17:29	","花生活鲜花（平价鲜花坊）	","7514887	","安顺	","216.00	","216.00	","『青春永驻』11枝粉色康乃馨花束 三八妇女节女神礼物花束*数量1	","缺货导致退款；	",,,,,,,,
"75152861097789639	","2020-03-08 10:31:51	","花生活鲜花（窑辉鲜花礼仪）	","7515286	","拉萨	","340.00	","0.00	",,"用户催单；	",,,,,,,,
"76905670188082545	","2020-03-08 13:12:14	","花生活鲜花（温馨花店）	","7690567	","重庆	","216.00	","0.00	",,"拣货超时；	",,,,,,,,
"74752920045538585	","2020-03-25 10:49:57	","花生活鲜花（馨语花屋）	","7475292	","遵义	","275.00	","0.00	",,"用户催单；	",,,,,,,,
"75148891588976295	","2020-03-15 09:04:53	","花生活鲜花（米粒鲜花之家）	","7514889	","泸州	","245.00	","245.00	","『共度爱河』11枝红玫瑰搭配尤加利韩式花束情人节送女友鲜花店*数量1	","商家超时未接单；	",,,,,,,,
"75454892175277733	","2020-03-29 10:50:25	","花生活鲜花（花草堂鲜花店）	","7545489	","银川	","245.00	","0.00	",,"用户催单；	",,,,,,,,
"75152861150757396	","2020-03-08 10:59:43	","花生活鲜花（窑辉鲜花礼仪）	","7515286	","拉萨	","368.00	","368.00	","『爱你的形状』新款19枝红玫瑰花束 送女友 花店推荐鲜花*数量1	","缺货导致退款；	",,,,,,,,
"74752922332143974	","2020-03-30 11:56:04	","花生活鲜花（馨语花屋）	","7475292	","遵义	","245.00	","0.00	",,"用户催单；	",,,,,,,,
"75454921079346474	","2020-03-08 16:12:09	","花生活鲜花（湛江畅通鲜花）	","7545492	","湛江	","216.00	","0.00	",,"用户催单；	",,,,,,,,
"74752981116627502	","2020-03-31 13:55:00	","花生活鲜花（香阁丽娜）	","7475298	","遵义	","298.00	","0.00	",,"用户催单；	",,,,,,,,
"75148900370061302	","2020-03-17 00:27:51	","花生活鲜花（金蔷薇时尚花艺）	","7514890	","襄阳	","245.00	","245.00	","『店长推荐』3枝白玫瑰+6枝粉玫瑰花搭配满天星推荐生日鲜花店*数量1	","商家超时未接单；	",,,,,,,,
"73929013601357685	","2020-03-07 08:42:34	","花生活鲜花（挚爱一生鲜花店）	","7392901	","宁德	","620.00	","0.00	",,"用户催单；	",,,,,,,,
"74753001079346474	","2020-03-08 11:39:45	","花生活鲜花（花缘花店）	","7475300	","东莞	","620.00	","0.00	",,"拣货超时；	",,,,,,,,
"75454941126386827	","2020-03-31 12:23:44	","花生活鲜花（柒色花艺馆）	","7545494	","柳州	","245.00	","245.00	","『旷世容颜』11枝香槟玫瑰搭配桔梗尤加利花束*数量1	","缺货导致退款；	",,,,,,,,
"73929022776558867	","2020-03-24 13:15:27	","花生活鲜花（花先生鲜花店）	","7392902	","绍兴	","170.00	","170.00	","『富贵吉祥』银柳两把不含花瓶五公里外不送仅限五公里内*数量1	","商家拒单；	",,,,,,,,
"75469532073735011	","2020-03-08 15:44:23	","花生活鲜花（爱琴海鲜花店）	","7546953	","湛江	","138.00	","0.00	",,"用户催单；	",,,,,,,,
"75148901080318292	","2020-03-17 06:25:31	","花生活鲜花（金蔷薇时尚花艺）	","7514890	","襄阳	","256.00	","256.00	","『绝代佳人』11枝混搭玫瑰+满天星礼盒 女神节生日礼物*数量1	","商家超时未接单；	",,,,,,,,
"74753001599303065	","2020-03-10 19:05:14	","花生活鲜花（花缘花店）	","7475300	","东莞	","345.00	","0.00	",,"拣货超时；	",,,,,,,,
"75148900599696999	","2020-03-17 11:16:25	","花生活鲜花（金蔷薇时尚花艺）	","7514890	","襄阳	","245.00	","245.00	","『店长推荐』3枝白玫瑰+6枝粉玫瑰花搭配满天星推荐生日鲜花店*数量1	","商家拒单；	",,,,,,,,
"73929060385703699	","2020-03-07 09:31:24	","花生活鲜花（云槿花艺）	","7392906	","无锡	","378.00	","0.00	",,"用户催单；	",,,,,,,,
"74754024046540267	","2020-03-08 09:43:44	","花生活鲜花（百合花坊）	","7475402	","中卫	","320.00	","0.00	",,"用户催单；	",,,,,,,,
"75469532723043024	","2020-03-15 19:59:21	","花生活鲜花（爱琴海鲜花店）	","7546953	","湛江	","268.00	","0.00	",,"用户催单；	",,,,,,,,
"73929061525647997	","2020-03-14 08:44:24	","花生活鲜花（云槿花艺）	","7392906	","无锡	","338.00	","0.00	",,"用户催单；	",,,,,,,,
"75148902695248334	","2020-03-22 01:50:21	","花生活鲜花（金蔷薇时尚花艺）	","7514890	","襄阳	","245.00	","245.00	","『风花雪夜』9枝白玫瑰花鲜花束送女友送闺蜜生日礼物情人节礼物*数量1	","商家超时未接单；	",,,,,,,,
"74754022405081402	","2020-03-08 14:30:26	","花生活鲜花（百合花坊）	","7475402	","中卫	","258.00	","258.00	","『惊鸿一瞥』9枝粉玫瑰搭配尤加利鲜花束送女友闺生日礼物鲜花店*数量1	","商家拒单；	",,,,,,,,
"74279024046540267	","2020-03-08 08:22:25	","花生活鲜花（同心花艺）	","7427902	","遵义	","278.00	","278.00	","『貌美如花』33枝粉色康乃馨搭配桔梗尤加利花束 三八妇女节*数量1	","商家超时未接单；	",,,,,,,,
"75148900558388210	","2020-03-27 06:27:33	","花生活鲜花（金蔷薇时尚花艺）	","7514890	","襄阳	","245.00	","245.00	","『共度爱河』11枝红玫瑰搭配尤加利韩式花束情人节送女友鲜花店*数量1	","商家超时未接单；	",,,,,,,,
"76419962132938885	","2020-03-20 21:28:04	","花生活鲜花（花幸福花店襄阳店）	","7641996	","襄阳	","198.00	","198.00	","『长命百岁』19枝红色康乃馨礼盒A款-生日鲜花长辈甄选*数量1	","商家超时未接单；	",,,,,,,,
"74754022688488193	","2020-03-31 15:43:40	","花生活鲜花（百合花坊）	","7475402	","中卫	","316.00	","0.00	",,"用户催单；	",,,,,,,,
"74290783834452645	","2020-03-06 18:24:20	","花生活鲜花（印象花坊）	","7429078	","宁德	","278.00	","0.00	",,"用户催单；	",,,,,,,,
"75148912723043024	","2020-03-15 10:32:55	","花生活鲜花（花之恋花卉）	","7514891	","珠海	","238.00	","238.00	","『一心一意』单只粉玫瑰波波球花束  送爱人 送情人 店长推荐*数量1	","商家超时未接单；	",,,,,,,,
"75148812405081402	","2020-03-08 13:38:56	","花生活鲜花（小简花艺工作室）	","7514881	","绍兴	","245.00	","245.00	","『店长推荐』3枝白玫瑰+6枝粉玫瑰花搭配满天星推荐生日鲜花店*数量1	","用户催单；	",,,,,,,,
"76420021079346474	","2020-03-08 15:16:57	","花生活鲜花（拾花者）	","7642002	","杭州	","316.00	","0.00	",,"用户催单；	",,,,,,,,
"74290780961429498	","2020-03-08 18:53:42	","花生活鲜花（印象花坊）	","7429078	","宁德	","236.00	","0.00	",,"用户催单；	",,,,,,,,
"75148910793764473	","2020-04-01 07:57:23	","花生活鲜花（花之恋花卉）	","7514891	","珠海	","245.00	","245.00	","『风姿卓越』11枝白玫瑰搭配桔梗花束生日礼物送女友鲜花*数量1	","商家超时未接单；	",,,,,,,,
"84714271079346474	","2020-03-08 11:49:58	","心爱之语鲜花	","8471427	","通辽	","345.00	","345.00	","『相见恨晚』11枝香槟玫瑰搭配满天星栀子叶礼盒情人节送女友*数量1	","商家拒单；	",,,,,,,,
"82784592397165030	","2020-03-08 15:10:38	","花生活鲜花（蝶恋花花店）	","8278459	","南通	","318.00	","0.00	",,"用户催单；	",,,,,,,,
"84728544046540267	","2020-03-08 09:03:29	","简爱花舍	","8472854	","上海	","236.00	","0.00	",,"用户催单；	",,,,,,,,
"82784590367036047	","2020-03-08 15:50:30	","花生活鲜花（蝶恋花花店）	","8278459	","南通	","158.00	","158.00	","3朵向日葵加6朵香槟尤加利桔梗红豆 父亲节花束 送爸爸*数量1	","商家拒单；	",,,,,,,,
"84728541525647997	","2020-03-14 16:19:08	","简爱花舍	","8472854	","上海	","245.00	","0.00	",,"拣货超时；	",,,,,,,,
"84728553601357685	","2020-03-07 00:52:24	","花生活鲜花（花宴鲜花店）	","8472855	","茂名	","216.00	","216.00	","『青春永驻』11枝粉色康乃馨花束 三八妇女节女神礼物花束*数量1	","商家超时未接单；	",,,,,,,,
"82784593096044909	","2020-03-08 15:57:51	","花生活鲜花（蝶恋花花店）	","8278459	","南通	","251.00	","0.00	",,"用户催单；	",,,,,,,,
"84884893601357685	","2020-03-07 09:02:38	","爱花居晴儿鲜花	","8488489	","烟台	","620.00	","0.00	",,"用户催单；	",,,,,,,,
"82784591525647997	","2020-03-14 09:04:57	","花生活鲜花（蝶恋花花店）	","8278459	","南通	","271.00	","0.00	",,"用户催单；	",,,,,,,,
"84884900961429498	","2020-03-08 09:53:00	","茉莉	","8488490	","菏泽	","216.00	","0.00	",,"用户催单；	",,,,,,,,
"82784592776558867	","2020-03-24 15:59:07	","花生活鲜花（蝶恋花花店）	","8278459	","南通	","260.00	","0.00	",,"用户催单；	",,,,,,,,
"85881691097789639	","2020-03-08 14:00:24	","洛施花艺	","8588169	","佛山	","168.00	","168.00	","『皓月当空』11枝红玫瑰搭配满天星礼盒38妇女节爆款送女友*数量1	","缺货导致退款；	",,,,,,,,
"82784602405081402	","2020-03-08 09:31:44	","花生活鲜花（乐陵鲜花店）	","8278460	","德州	","208.00	","0.00	",,"用户催单；	",,,,,,,,
"85881691525647997	","2020-03-14 11:04:50	","洛施花艺	","8588169	","佛山	","245.00	","0.00	",,"用户催单；	",,,,,,,,
"85881691875518969	","2020-03-16 19:35:27	","洛施花艺	","8588169	","佛山	","338.00	","338.00	","『如星璀璨』满天星花束 糖果球抖音网红灯送女友送老婆生日礼物*数量1	","缺货导致退款；	",,,,,,,,
"82784602970212146	","2020-03-08 16:18:13	","花生活鲜花（乐陵鲜花店）	","8278460	","德州	","208.00	","0.00	",,"用户催单；	",,,,,,,,
"85881693938360809	","2020-03-18 22:12:44	","洛施花艺	","8588169	","佛山	","245.00	","0.00	",,"用户催单；	",,,,,,,,
"82843823601357685	","2020-03-07 16:23:52	","花生活鲜花（胡子花艺）	","8284382	","昆明	","320.00	","0.00	",,"用户催单；	",,,,,,,,
"85881692695248334	","2020-03-22 00:37:42	","洛施花艺	","8588169	","佛山	","216.00	","0.00	",,"用户催单；	",,,,,,,,
"85881692667646585	","2020-03-30 21:59:43	","洛施花艺	","8588169	","佛山	","245.00	","0.00	",,"用户催单；	",,,,,,,,
"82843820251865799	","2020-03-08 10:28:44	","花生活鲜花（胡子花艺）	","8284382	","昆明	","345.00	","0.00	",,"用户催单；	",,,,,,,,
"82843864046540267	","2020-03-08 03:58:11	","花生活鲜花（花界花店）	","8284386	","贺州	","378.00	","378.00	","『永恒的微笑』香槟玫瑰向日葵混搭鲜花花篮 送亲人 送闺蜜*数量1	","商家超时未接单；	",,,,,,,,
"85881704046540267	","2020-03-08 14:23:00	","天天鲜花	","8588170	","东莞	","149.00	","149.00	","『莺莺燕燕』11枝粉玫瑰两个白色绣球搭配尤加利韩式花束*数量1	","用户催单；	",,,,,,,,
"84359580713009597	","2020-03-08 13:17:58	","花生活鲜花（浪漫花都）	","8435958	","遵义	","336.00	","0.00	",,"用户催单；	",,,,,,,,
"82843860961429498	","2020-03-08 13:15:25	","花生活鲜花（花界花店）	","8284386	","贺州	","320.00	","320.00	","『共度爱河』11枝红玫瑰搭配尤加利韩式花束情人节送女友鲜花店*数量1	","缺货导致退款；	",,,,,,,,
"84359581416530108	","2020-03-13 16:15:11	","花生活鲜花（浪漫花都）	","8435958	","遵义	","208.00	","208.00	","『白色爱恋』9枝白玫瑰搭配尤加利花束*数量1	","商家拒单；	",,,,,,,,
"83575824046540267	","2020-03-08 02:16:26	","花生活鲜花（遇见BEAUTY）	","8357582	","菏泽	","378.00	","0.00	",,"用户催单；	",,,,,,,,
"84359621079346474	","2020-03-08 09:34:03	","花生活鲜花（FlowerLife）	","8435962	","南通	","432.00	","0.00	",,"用户催单；	",,,,,,,,
"83575821761198375	","2020-03-08 15:37:15	","花生活鲜花（遇见BEAUTY）	","8357582	","菏泽	","256.00	","0.00	",,"用户催单；	",,,,,,,,
"84359622073735011	","2020-03-08 09:50:13	","花生活鲜花（FlowerLife）	","8435962	","南通	","320.00	","320.00	","『共度爱河』11枝红玫瑰搭配尤加利韩式花束情人节送女友鲜花店*数量1	","商家超时未接单；	",,,,,,,,
"84379242017194328	","2020-03-14 09:54:52	","卡斯曼鲜花店(衡阳先峰路店）	","8437924	","衡阳	","508.00	","0.00	",,"用户催单；	",,,,,,,,
"82784592970212146	","2020-03-08 13:22:21	","花生活鲜花（蝶恋花花店）	","8278459	","南通	","258.00	","0.00	",,"用户催单；	",,,,,,,,
"82784593278305652	","2020-03-08 14:06:32	","花生活鲜花（蝶恋花花店）	","8278459	","南通	","482.00	","0.00	",,"用户催单；	",,,,,,,,
"84714254046540267	","2020-03-08 09:47:14	","花生活鲜花（浓淋香花艺）	","8471425	","南宁	","296.00	","296.00	","『至善至美』11枝香槟玫瑰搭配2枝多头百合花束38女神节礼物*数量1	","商家少送错送；用户催单；	",,,,,,,,
"82784591150757396	","2020-03-08 14:08:36	","花生活鲜花（蝶恋花花店）	","8278459	","南通	","231.00	","0.00	",,"用户催单；	",,,,,,,,
"83575881525647997	","2020-03-14 10:51:50	","花生活鲜花（艺朵花艺）	","8357588	","嘉兴	","245.00	","245.00	","『店长推荐』3枝白玫瑰+6枝粉玫瑰花搭配满天星推荐生日鲜花店*数量1	","商家超时未接单；	",,,,,,,,
"83575924046540267	","2020-03-08 04:31:16	","花生活鲜花（花心思花艺贵阳店）	","8357592	","贵阳	","256.00	","256.00	","『绝代佳人』11枝混搭玫瑰+满天星礼盒 三八妇女节女神节礼物*数量1	","商家超时未接单；	",,,,,,,,
"82784590713009597	","2020-03-08 14:11:40	","花生活鲜花（蝶恋花花店）	","8278459	","南通	","158.00	","0.00	",,"用户催单；	",,,,,,,,
"83575920961429498	","2020-03-08 12:29:08	","花生活鲜花（花心思花艺贵阳店）	","8357592	","贵阳	","378.00	","0.00	",,"用户催单；	",,,,,,,,
"82784592764866138	","2020-03-08 14:28:31	","花生活鲜花（蝶恋花花店）	","8278459	","南通	","231.00	","0.00	",,"用户催单；	",,,,,,,,
"83575920353174400	","2020-03-21 16:58:29	","花生活鲜花（花心思花艺贵阳店）	","8357592	","贵阳	","170.00	","170.00	","『富贵吉祥』富贵竹两把不含花瓶送父母五公里不送仅限五公里内*数量1	","商家超时未接单；	",,,,,,,,
"82784593687109430	","2020-03-08 14:41:14	","花生活鲜花（蝶恋花花店）	","8278459	","南通	","158.00	","0.00	",,"用户催单；	",,,,,,,,
"84359582970212146	","2020-03-08 10:54:50	","花生活鲜花（浪漫花都）	","8435958	","遵义	","245.00	","0.00	",,"用户催单；	",,,,,,,,
"82784573834452645	","2020-03-06 22:17:30	","花生活鲜花（花痴花坊）	","8278457	","上海	","378.00	","378.00	","『鲜眉亮眼』33枝粉玫瑰搭配满天星花束 三八女神节礼物*数量1	","缺货导致退款；	",,,,,,,,
"84359581150757396	","2020-03-08 13:10:05	","花生活鲜花（浪漫花都）	","8435958	","遵义	","345.00	","0.00	",,"用户催单；	",,,,,,,,
"82784570188082545	","2020-03-08 15:06:41	","花生活鲜花（花痴花坊）	","8278457	","上海	","256.00	","0.00	",,"用户催单；	",,,,,,,,
"82784571944367244	","2020-03-16 20:39:05	","花生活鲜花（花痴花坊）	","8278457	","上海	","268.00	","0.00	",,"用户催单；	",,,,,,,,
"82784593601357685	","2020-03-07 08:01:01	","花生活鲜花（蝶恋花花店）	","8278459	","南通	","178.00	","0.00	",,"用户催单；	",,,,,,,,
"82784590961429498	","2020-03-08 11:39:05	","花生活鲜花（蝶恋花花店）	","8278459	","南通	","251.00	","0.00	",,"用户催单；	",,,,,,,,
"82784590752613205	","2020-03-08 12:51:51	","花生活鲜花（蝶恋花花店）	","8278459	","南通	","493.00	","0.00	",,"用户催单；	",,,,,,,,
"80944332332143974	","2020-03-30 09:58:07	","花生活鲜花（清湘花坊）	","8094433	","乌鲁木齐	","368.00	","0.00	",,"用户催单；	",,,,,,,,
"80944332101116528	","2020-03-30 20:15:41	","花生活鲜花（清湘花坊）	","8094433	","乌鲁木齐	","275.00	","0.00	",,"用户催单；	",,,,,,,,
"82783220752613205	","2020-03-08 18:37:39	","花生活鲜花（岭铖花坊）	","8278322	","四平	","216.00	","216.00	","『青春永驻』11枝粉色康乃馨花束 三八妇女节女神礼物花束*数量1	","商家拒单；	",,,,,,,,
"82071184046540267	","2020-03-08 07:50:06	","花生活鲜花（花开半夏鲜花店）	","8207118	","宝鸡	","424.00	","0.00	",,"用户催单；	",,,,,,,,
"82783234064191074	","2020-03-07 13:31:44	","花生活鲜花（莉莉鲜花店）	","8278323	","克孜勒苏柯尔克孜自治州	","236.00	","0.00	",,"用户催单；	",,,,,,,,
"82268882332143974	","2020-03-30 04:35:04	","花生活鲜花（锦绣花艺坊）	","8226888	","毕节	","245.00	","245.00	","『店长推荐』3枝白玫瑰+6枝粉玫瑰花搭配满天星推荐生日鲜花店*数量1	","商家拒单；	",,,,,,,,
"82509034064191074	","2020-03-07 19:51:39	","花生活鲜花（花之韵鲜花店）	","8250903	","新乡	","248.00	","0.00	",,"用户催单；	",,,,,,,,
"82783231099541322	","2020-03-07 18:53:27	","花生活鲜花（莉莉鲜花店）	","8278323	","克孜勒苏柯尔克孜自治州	","208.00	","208.00	","『皓月当空』11枝红玫瑰搭配满天星礼盒38妇女节爆款送女友*数量1	","商家拒单；	",,,,,,,,
"82509032723043024	","2020-03-15 03:47:01	","花生活鲜花（花之韵鲜花店）	","8250903	","新乡	","245.00	","245.00	","『相见恨晚』11枝香槟玫瑰搭配满天星栀子叶礼盒情人节送女友*数量1	","商家超时未接单；	",,,,,,,,
"82509033901843816	","2020-03-25 22:25:40	","花生活鲜花（花之韵鲜花店）	","8250903	","新乡	","378.00	","378.00	","『Blue D2款』【33枝蓝色玫瑰鲜花儿+配草 礼盒】*数量1	","缺货导致退款；	",,,,,,,,
"82783233808945482	","2020-03-07 21:58:01	","花生活鲜花（莉莉鲜花店）	","8278323	","克孜勒苏柯尔克孜自治州	","158.00	","158.00	","『旷世容颜』11枝香槟玫瑰搭配桔梗尤加利花束*数量1	","商家拒单；	",,,,,,,,
"82782610961429498	","2020-03-08 10:08:16	","花生活鲜花（一品花艺）	","8278261	","银川	","236.00	","0.00	",,"用户催单；	",,,,,,,,
"82783230597369658	","2020-03-07 22:07:04	","花生活鲜花（莉莉鲜花店）	","8278323	","克孜勒苏柯尔克孜自治州	","158.00	","158.00	","『活动特惠』11只红玫瑰花束 花店推荐鲜花 送女友生日礼物*数量1	","商家拒单；	",,,,,,,,
"82782670961429498	","2020-03-08 10:32:22	","花生活鲜花（时光对白花店）	","8278267	","周口	","320.00	","0.00	",,"用户催单；	",,,,,,,,
"82783232004207863	","2020-03-07 22:09:30	","花生活鲜花（莉莉鲜花店）	","8278323	","克孜勒苏柯尔克孜自治州	","208.00	","208.00	","『皓月当空』11枝红玫瑰搭配满天星礼盒38妇女节爆款送女友*数量1	","商家拒单；	",,,,,,,,
"82782671776304077	","2020-03-08 10:44:10	","花生活鲜花（时光对白花店）	","8278267	","周口	","278.00	","0.00	",,"用户催单；	",,,,,,,,
"82782670251865799	","2020-03-08 11:02:56	","花生活鲜花（时光对白花店）	","8278267	","周口	","216.00	","0.00	",,"用户催单；	",,,,,,,,
"82783223834452645	","2020-03-06 18:04:52	","花生活鲜花（岭铖花坊）	","8278322	","四平	","138.00	","138.00	","『诗和远方』11枝粉玫瑰搭配相思梅花束送闺蜜送女友鲜花店生日*数量1	","商家拒单；	",,,,,,,,
"82782670752613205	","2020-03-08 11:24:23	","花生活鲜花（时光对白花店）	","8278267	","周口	","278.00	","0.00	",,"用户催单；	",,,,,,,,
"82783224046540267	","2020-03-08 09:59:45	","花生活鲜花（岭铖花坊）	","8278322	","四平	","278.00	","278.00	","『如诗如画』19枝粉色康乃馨花束 三八妇女节礼物 送妈妈*数量1	","商家拒单；	",,,,,,,,
"82782671416530108	","2020-03-13 00:26:57	","花生活鲜花（时光对白花店）	","8278267	","周口	","216.00	","0.00	",,"用户催单；	",,,,,,,,
"82783221079346474	","2020-03-08 10:30:08	","花生活鲜花（岭铖花坊）	","8278322	","四平	","378.00	","378.00	","『鲜眉亮眼』33枝粉玫瑰搭配满天星花束 三八女神节礼物*数量1	","商家拒单；	",,,,,,,,
"80944331079346474	","2020-03-08 07:44:14	","花生活鲜花（清湘花坊）	","8094433	","乌鲁木齐	","298.00	","0.00	",,"用户催单；	",,,,,,,,
"82783222073735011	","2020-03-08 10:53:15	","花生活鲜花（岭铖花坊）	","8278322	","四平	","378.00	","378.00	","『给予温暖』19枝粉玫瑰搭配3朵向日葵配草混搭花束三八妇女节*数量1	","商家拒单；	",,,,,,,,
"80944332405081402	","2020-03-08 09:53:20	","花生活鲜花（清湘花坊）	","8094433	","乌鲁木齐	","298.00	","0.00	",,"用户催单；	",,,,,,,,
"82783222405081402	","2020-03-08 12:10:53	","花生活鲜花（岭铖花坊）	","8278322	","四平	","178.00	","0.00	",,"用户催单；	",,,,,,,,
"80944331776304077	","2020-03-08 09:53:26	","花生活鲜花（清湘花坊）	","8094433	","乌鲁木齐	","318.00	","0.00	",,"用户催单；	",,,,,,,,
"82783221776304077	","2020-03-08 12:26:46	","花生活鲜花（岭铖花坊）	","8278322	","四平	","378.00	","378.00	","『给予温暖』19枝粉玫瑰搭配3朵向日葵配草混搭花束三八妇女节*数量1	","商家拒单；	",,,,,,,,
"80944333687109430	","2020-03-08 11:33:30	","花生活鲜花（清湘花坊）	","8094433	","乌鲁木齐	","298.00	","0.00	",,"用户催单；	",,,,,,,,
"80944333216664489	","2020-03-08 12:05:21	","花生活鲜花（清湘花坊）	","8094433	","乌鲁木齐	","298.00	","0.00	",,"用户催单；	",,,,,,,,
"80944330353174400	","2020-03-21 09:08:07	","花生活鲜花（清湘花坊）	","8094433	","乌鲁木齐	","336.00	","0.00	",,"用户催单；	",,,,,,,,
"82783764046540267	","2020-03-08 09:19:49	","花生活鲜花（冬平花屋）	","8278376	","宁波	","246.00	","0.00	",,"用户催单；	",,,,,,,,
"82783761079346474	","2020-03-08 11:00:57	","花生活鲜花（冬平花屋）	","8278376	","宁波	","359.00	","0.00	",,"用户催单；	",,,,,,,,
"82783232882628743	","2020-03-07 22:16:09	","花生活鲜花（莉莉鲜花店）	","8278323	","克孜勒苏柯尔克孜自治州	","158.00	","158.00	","『活动特惠』11只红玫瑰花束 花店推荐鲜花 送女友生日礼物*数量1	","商家拒单；	",,,,,,,,
"80719810188082545	","2020-03-08 09:32:47	","花生活鲜花（红豆情鲜花）	","8071981	","北京	","358.00	","0.00	",,"用户催单；	",,,,,,,,
"82783762073735011	","2020-03-08 14:23:55	","花生活鲜花（冬平花屋）	","8278376	","宁波	","217.00	","0.00	",,"用户催单；	",,,,,,,,
"82783231546403747	","2020-03-07 22:16:45	","花生活鲜花（莉莉鲜花店）	","8278323	","克孜勒苏柯尔克孜自治州	","208.00	","208.00	","『皓月当空』11枝红玫瑰搭配满天星礼盒38妇女节爆款送女友*数量1	","商家拒单；	",,,,,,,,
"82783232949176973	","2020-03-07 22:22:44	","花生活鲜花（莉莉鲜花店）	","8278323	","克孜勒苏柯尔克孜自治州	","208.00	","208.00	","『皓月当空』11枝红玫瑰搭配满天星礼盒38妇女节爆款送女友*数量1	","商家拒单；	",,,,,,,,
"82783760045538585	","2020-03-25 12:04:30	","花生活鲜花（冬平花屋）	","8278376	","宁波	","299.00	","299.00	","『花开并蒂』19枝蓝色妖姬礼盒情人节送女友送男友情人节*数量1	","商家超时未接单；	",,,,,,,,
"80719810251865799	","2020-03-08 11:54:50	","花生活鲜花（红豆情鲜花）	","8071981	","北京	","216.00	","216.00	","『青春永驻』11枝粉色康乃馨花束 三八妇女节女神礼物花束*数量1	","商家拒单；	",,,,,,,,
"82783800353174400	","2020-03-21 00:15:28	","花生活鲜花（罗曼蒂克花艺婚庆）	","8278380	","烟台	","35.00	","35.00	","韩式满天星小花束颜色随机 送男朋友 送女朋友 送闺蜜*数量1	","商家拒单；	",,,,,,,,
"80890122970212146	","2020-03-08 13:33:09	","花生活鲜花（三爷花店）	","8089012	","乌海	","236.00	","0.00	",,"用户催单；	",,,,,,,,
"82783231079346474	","2020-03-08 10:22:48	","花生活鲜花（莉莉鲜花店）	","8278323	","克孜勒苏柯尔克孜自治州	","208.00	","208.00	","『初恋的味道』9枝粉玫瑰花搭配满天星花束送闺蜜生日花鲜花店*数量1	","商家拒单；	",,,,,,,,
"82783802695248334	","2020-03-22 06:51:33	","花生活鲜花（罗曼蒂克花艺婚庆）	","8278380	","烟台	","35.00	","35.00	","韩式满天星小花束颜色随机 送男朋友 送女朋友 送闺蜜*数量1	","商家超时未接单；	",,,,,,,,
"80890120713009597	","2020-03-08 15:44:35	","花生活鲜花（三爷花店）	","8089012	","乌海	","629.00	","0.00	",,"用户催单；	",,,,,,,,
"82783801126386827	","2020-03-31 17:25:20	","花生活鲜花（罗曼蒂克花艺婚庆）	","8278380	","烟台	","128.00	","128.00	","抖音网红漫天星小花束生日伴手礼 送手提袋*数量1	","商家超时未接单；	",,,,,,,,
"82783230085732698	","2020-03-28 14:54:17	","花生活鲜花（莉莉鲜花店）	","8278323	","克孜勒苏柯尔克孜自治州	","170.00	","0.00	",,"用户催单；	",,,,,,,,
"80890120521979257	","2020-03-11 16:44:10	","花生活鲜花（三爷花店）	","8089012	","乌海	","620.00	","0.00	",,"用户催单；	",,,,,,,,
"82783230793764473	","2020-04-01 01:01:19	","花生活鲜花（莉莉鲜花店）	","8278323	","克孜勒苏柯尔克孜自治州	","368.00	","0.00	",,"用户催单；	",,,,,,,,
"80890121944367244	","2020-03-16 13:10:13	","花生活鲜花（三爷花店）	","8089012	","乌海	","378.00	","0.00	",,"用户催单；	",,,,,,,,
"87556771126386827	","2020-03-31 11:42:01	","花开一束	","8755677	","湘西土家族苗族自治州	","278.00	","0.00	",,"用户催单；	",,,,,,,,
