门店,门店ID,城市(城市负责人),体检分,权益奖励,近7日服务问题导致的营业额损失(元),本周触犯红线,上周触犯红线
"花生活鲜花（春季花艺）	","642989	",合肥,"74.0	",提升月均体检分-生意贷-8月,0,未触犯红线,未触犯红线
"花生活鲜花（雅景花艺）	","653643	",东莞,"73.0	",提升月均体检分-生意贷-8月,0,未触犯红线,未触犯红线
"花生活鲜花（情意浓花店）	","714142	",温州,"75.0	",提升月均体检分-生意贷-8月,0,未触犯红线,未触犯红线
"花生活鲜花（杏福花店）	","772683	",厦门,"80.0	",--,0,未触犯红线,未触犯红线
"花生活鲜花（花好月缘鲜花店）	","799254	",莆田,"67.0	",提升月均体检分-生意贷-8月,0,未触犯红线,未触犯红线
"花生活鲜花（卉轩鲜花礼品店）	","833749	",银川,"61.0	",--,228,未触犯红线,未触犯红线
"花生活鲜花（唯美花艺）	","1330090	",大理白族自治州,"63.0	",提升月均体检分-生意贷-8月,0,未触犯红线,未触犯红线
"花生活鲜花（明珠鲜花坊）	","1523142	",西宁,"76.0	",提升月均体检分-生意贷-8月,0,未触犯红线,未触犯红线
"花生活鲜花（520鲜花园艺）	","1696175	",上海,"83.0	",提升月均体检分-生意贷-8月,0,未触犯红线,未触犯红线
"花生活鲜花（花心苑花店）	","1937925	",荆州,"63.0	",提升月均体检分-生意贷-8月,0,未触犯红线,未触犯红线
"花生活鲜花（嘿花哨花艺）	","1971869	",遵义,"75.0	",提升月均体检分-生意贷-8月,0,未触犯红线,未触犯红线
"花生活鲜花（伊馨花坊）	","2006070	",上海,"77.0	",提升月均体检分-生意贷-8月,0,未触犯红线,未触犯红线
"花生活鲜花（爱荷花坊）	","2019807	",厦门,"59.0	",--,295,未触犯红线,未触犯红线
"花生活鲜花（阳光花坊）	","2045211	",南昌,"63.0	",提升月均体检分-生意贷-8月,264,未触犯红线,未触犯红线
"花生活鲜花（花语人生）	","2068451	",厦门,"50.0	",--,435,未触犯红线,未触犯红线
"花生活鲜花（遇见花艺馆）	","2095123	",郴州,"86.0	",提升月均体检分-生意贷-8月,0,未触犯红线,未触犯红线
"花生活鲜花（九零花坊）	","2174771	",上海,"67.0	",提升月均体检分-生意贷-8月,0,未触犯红线,未触犯红线
"花生活鲜花（花花世界鲜花）	","2220100	",十堰,"56.0	",--,556,未触犯红线,未触犯红线
"花生活鲜花（七彩坊鲜花店）	","2329256	",泉州,"76.0	",提升月均体检分-生意贷-8月,0,未触犯红线,未触犯红线
"花生活鲜花（静静花艺银盛路店）	","2402349	",银川,"77.0	",提升月均体检分-生意贷-8月,0,未触犯红线,未触犯红线
"花生活鲜花（玫瑰坊）	","2482113	",镇江,"61.0	",--,0,未触犯红线,未触犯红线
"花生活鲜花（情缘鲜花店遵义店）	","2527715	",遵义,"64.0	",提升月均体检分-生意贷-8月,138,未触犯红线,未触犯红线
"花生活鲜花（品蕊花屋）	","2622811	",宜宾,"75.0	",提升月均体检分-生意贷-8月,0,未触犯红线,未触犯红线
"花生活鲜花（祥和鲜花）	","2666240	",青岛,"78.0	",提升月均体检分-生意贷-8月,0,未触犯红线,未触犯红线
"花生活鲜花（创意花坊）	","2880558	",合肥,"71.0	",提升月均体检分-生意贷-8月,0,未触犯红线,未触犯红线
"花生活鲜花（小草堂花艺生活馆）	","2922099	",太原,"64.0	",--,138,未触犯红线,未触犯红线
"花生活鲜花（源达花艺）	","3018522	",常德,"80.0	",提升月均体检分-生意贷-8月,0,未触犯红线,未触犯红线
"花生活鲜花（艺都鲜花）	","3027069	",宁波,"50.0	",--,0,未触犯红线,未触犯红线
"花生活鲜花（如意鲜花）	","3072588	",遵义,"70.0	",提升月均体检分-生意贷-8月,0,未触犯红线,未触犯红线
"花生活鲜花（花瓣雨花坊）	","3095162	",天津,"54.0	",--,718,未触犯红线,未触犯红线
"花生活鲜花（艺博花艺）	","3114926	",安阳,"73.0	",提升月均体检分-生意贷-8月,0,未触犯红线,未触犯红线
"花生活鲜花（花之恋鲜花店）	","3128450	",绍兴,"83.0	",提升月均体检分-生意贷-8月,0,未触犯红线,未触犯红线
"花生活鲜花（甄阿奇花艺）	","3165468	",营口,"61.0	",--,0,未触犯红线,未触犯红线
"花生活鲜花（乐派花艺）	","3174325	",遵义,"53.0	",提升月均体检分-生意贷-8月,1172,未触犯红线,未触犯红线
"花生活鲜花（香侬鲜花水果）	","3464481	",合肥,"64.0	",--,0,未触犯红线,未触犯红线
"花生活鲜花（家美园艺）	","3468033	",上海,"86.0	",提升月均体检分-生意贷-8月,0,未触犯红线,未触犯红线
"花生活鲜花（俪缘摆渡人）	","3562612	",淮安,"56.0	",--,0,未触犯红线,未触犯红线
"泽凤花店	","3713872	",合肥,"69.0	",提升月均体检分-生意贷-8月,0,未触犯红线,未触犯红线
"花生活鲜花（柔兰花艺）	","3985407	",莆田,"84.0	",提升月均体检分-生意贷-8月,0,未触犯红线,未触犯红线
"花生活鲜花（雅心花艺）	","3994932	",长沙,"69.0	",提升月均体检分-生意贷-8月,0,未触犯红线,未触犯红线
"花生活鲜花（国色天香鲜花店）	","4192177	",遵义,"58.0	",--,0,未触犯红线,未触犯红线
"花生活鲜花（城市花坊）	","4304946	",泸州,"75.0	",提升月均体检分-生意贷-8月,0,未触犯红线,未触犯红线
"花生活鲜花（意达鲜花店）	","4363389	",唐山,"85.0	",提升月均体检分-生意贷-8月,0,未触犯红线,未触犯红线
"花生活鲜花（玫瑰花店2店）	","4389748	",东莞,"71.0	",--,0,未触犯红线,未触犯红线
"花生活鲜花（晴曦花艺）	","4434657	",福州,"58.0	",--,0,未触犯红线,未触犯红线
"花生活鲜花（花田故事）	","4439411	",福州,"59.0	",--,724,未触犯红线,未触犯红线
"花生活鲜花（雪莲花艺）	","4464626	",北京,"81.0	",提升月均体检分-生意贷-8月,0,未触犯红线,未触犯红线
"花生活鲜花（祥瑞花艺坊）	","4473272	",天津,"77.0	",提升月均体检分-生意贷-8月,278,未触犯红线,未触犯红线
"花生活鲜花（陌上花开株洲店）	","4742557	",株洲,"64.0	",提升月均体检分-生意贷-8月,352,未触犯红线,未触犯红线
"花生活鲜花（阿西木花艺工作室）	","4885878	",厦门,"56.0	",--,0,未触犯红线,未触犯红线
"花生活鲜花（华粤鲜花馆）	","5054488	",厦门,"61.0	",--,0,未触犯红线,未触犯红线
"花生活鲜花（撒罗米园艺）	","5056286	",杭州,"52.0	",--,0,未触犯红线,未触犯红线
"花生活鲜花（贡贡鲜花坊）	","5121244	",厦门,"57.0	",提升月均体检分-生意贷-8月,0,未触犯红线,未触犯红线
"郁涧鲜花坊（七夕情人节，礼物，鲜花）	","5196478	",赤峰,"83.0	",提升月均体检分-生意贷-8月,0,未触犯红线,未触犯红线
"花生活鲜花（四季花屋）	","5332337	",北京,"84.0	",提升月均体检分-生意贷-8月,0,未触犯红线,未触犯红线
"花生活鲜花（花稼之约鲜花）	","5345425	",沈阳,"69.0	",提升月均体检分-生意贷-8月,0,未触犯红线,未触犯红线
"花生活鲜花（有钱花）	","5346237	",十堰,"60.0	",提升月均体检分-生意贷-8月,0,未触犯红线,未触犯红线
"花生活鲜花（心怡花店）	","5379291	",上海,"80.0	",提升月均体检分-生意贷-8月,0,未触犯红线,未触犯红线
"花生活鲜花（爱尚鲜花鲜花）	","5550366	",邢台,"62.0	",提升月均体检分-生意贷-8月,0,未触犯红线,未触犯红线
"花生活鲜花（仙丽鲜花）	","5565851	",绵阳,"56.0	",--,0,未触犯红线,未触犯红线
"花生活鲜花（花香漫进）	","5582315	",成都,"57.0	",--,542,未触犯红线,未触犯红线
"呆子花艺（七夕预定，告白，生日）	","5630285	",黔东南苗族侗族自治州,"47.0	",--,1035,未触犯红线,未触犯红线
"花生活鲜花（成都陌上花开）	","5641328	",成都,"72.0	",提升月均体检分-生意贷-8月,0,未触犯红线,未触犯红线
"花生活鲜花（唯爱花艺）	","5740741	",银川,"75.0	",提升月均体检分-生意贷-8月,228,未触犯红线,未触犯红线
"花生活鲜花（厦门陌上花开）	","5762294	",厦门,"77.0	",提升月均体检分-生意贷-8月,0,未触犯红线,未触犯红线
"花生活鲜花（花家花艺鲜花店）	","5788642	",深圳,"58.0	",提升月均体检分-生意贷-8月,0,未触犯红线,未触犯红线
"花生活鲜花（达奇花艺）	","5845622	",济南,"74.0	",提升月均体检分-生意贷-8月,0,未触犯红线,未触犯红线
"花生活鲜花（六月花坊）	","5860472	",金华,"68.0	",提升月均体检分-生意贷-8月,0,未触犯红线,未触犯红线
"花生活鲜花（俪缘花店）	","5866954	",青岛,"56.0	",--,0,未触犯红线,未触犯红线
"花生活鲜花（众里寻Ta花舍）	","5962302	",兰州,"68.0	",提升月均体检分-生意贷-8月,0,未触犯红线,未触犯红线
"花生活鲜花（韦爵爷鲜花）	","6012181	",保定,"54.0	",--,0,未触犯红线,未触犯红线
"白爵至尊婚庆公司・七夕鲜花	","6026797	",昆明,"66.0	",提升月均体检分-生意贷-8月,0,未触犯红线,未触犯红线
"花生活鲜花（花艺空间）	","6061744	",乌鲁木齐,"62.0	",--,416,未触犯红线,未触犯红线
"花生活鲜花（花伴鲜花）	","6104153	",滁州,"76.0	",提升月均体检分-生意贷-8月,0,未触犯红线,未触犯红线
"花生活鲜花（艾洛芙花坊）	","6132769	",合肥,"70.0	",提升月均体检分-生意贷-8月,0,未触犯红线,未触犯红线
"花生活鲜花（翔远花艺）	","6197578	",合肥,"54.0	",--,0,未触犯红线,未触犯红线
"花生活鲜花（慰馨花艺馆）	","6236483	",重庆,"47.0	",提升月均体检分-生意贷-8月,0,未触犯红线,未触犯红线
"花生活鲜花（庆祝花卉）	","6305029	",北京,"83.0	",提升月均体检分-生意贷-8月,0,未触犯红线,未触犯红线
"花生活鲜花（花述鲜花生活馆）	","6355077	",株洲,"66.0	",提升月均体检分-生意贷-8月,0,未触犯红线,未触犯红线
"花生活鲜花（倾城鲜花）	","6390095	",襄阳,"82.0	",提升月均体检分-生意贷-8月,0,未触犯红线,未触犯红线
"花生活鲜花（花海）	","6395163	",杭州,"87.0	",提升月均体检分-生意贷-8月,0,未触犯红线,未触犯红线
"花生活鲜花（天缘花艺）	","6405229	",遵义,"73.0	",--,0,未触犯红线,未触犯红线
"花生活鲜花（漫漫鲜花坊）	","6503029	",银川,"65.0	",提升月均体检分-生意贷-8月,0,未触犯红线,未触犯红线
"花生活鲜花（花花世界兴庆区店）	","6533841	",银川,"56.0	",--,0,未触犯红线,未触犯红线
"花生活鲜花（椰林花店）	","6543684	",上海,"69.0	",提升月均体检分-生意贷-8月,0,未触犯红线,未触犯红线
"花生活鲜花（经典鲜花蛋糕）	","6579105	",长春,"68.0	",提升月均体检分-生意贷-8月,0,未触犯红线,未触犯红线
"花生活鲜花（七彩花艺坊）	","6582771	",营口,"77.0	",提升月均体检分-生意贷-8月,0,未触犯红线,未触犯红线
"花生活鲜花（梅婷花店）	","6588555	",厦门,"54.0	",--,0,未触犯红线,未触犯红线
"花生活鲜花（唯爱花店）	","6609908	",合肥,"64.0	",提升月均体检分-生意贷-8月,0,未触犯红线,未触犯红线
"花生活鲜花（博雅鲜花店）	","6626527	",兰州,"71.0	",提升月均体检分-生意贷-8月,0,未触犯红线,未触犯红线
"花生活鲜花（萌宠一花语）	","6704550	",安庆,"52.0	",提升月均体检分-生意贷-8月,528,未触犯红线,未触犯红线
"千百卉鲜花店（教师节鲜花）	","6729448	",贵阳,"75.0	",提升月均体检分-生意贷-8月,269,未触犯红线,未触犯红线
"花生活鲜花（o用花艺）	","6773711	",贵阳,"72.0	",提升月均体检分-生意贷-8月,0,未触犯红线,未触犯红线
"花生活鲜花（花之翼）	","6773712	",贵阳,"60.0	",提升月均体检分-生意贷-8月,528,未触犯红线,未触犯红线
"花生活鲜花（哈尔滨鲜花批发）	","6773713	",哈尔滨,"68.0	",提升月均体检分-生意贷-8月,0,未触犯红线,未触犯红线
"花生活鲜花（诚信花卉）	","6773714	",重庆,"79.0	",提升月均体检分-生意贷-8月,0,未触犯红线,未触犯红线
"花生活鲜花（花城花艺）	","6773715	",廊坊,"74.0	",提升月均体检分-生意贷-8月,0,未触犯红线,未触犯红线
"花生活鲜花（紫薇鲜花坊）	","6773717	",南充,"65.0	",提升月均体检分-生意贷-8月,0,未触犯红线,未触犯红线
"花生活鲜花（好百年婚庆）	","6773719	",岳阳,"65.0	",提升月均体检分-生意贷-8月,0,未触犯红线,未触犯红线
"花生活鲜花（花灵珑鲜花）	","6773720	",镇江,"59.0	",--,0,未触犯红线,未触犯红线
"花生活鲜花（名缘花卉）	","6773722	",六安,"58.0	",--,0,未触犯红线,未触犯红线
"花生活鲜花（荣浩千寻花艺）	","6773725	",西安,"58.0	",--,0,未触犯红线,未触犯红线
"花生活鲜花（水滴鲜花花艺）	","6773727	",太原,"79.0	",提升月均体检分-生意贷-8月,0,未触犯红线,未触犯红线
"花生活鲜花（缤纷花屋）	","6773784	",株洲,"84.0	",提升月均体检分-生意贷-8月,0,未触犯红线,未触犯红线
"花生活鲜花（玫瑰花坊）	","6773938	",重庆,"67.0	",提升月均体检分-生意贷-8月,0,未触犯红线,未触犯红线
"花生活鲜花（四季花苑）	","6773939	",宁波,"85.0	",提升月均体检分-生意贷-8月,0,未触犯红线,未触犯红线
"花生活鲜花（鲜花婚庆）	","6773940	",德州,"78.0	",提升月均体检分-生意贷-8月,0,未触犯红线,未触犯红线
"花生活鲜花（百合馆鲜花店）	","6773941	",淮安,"74.0	",提升月均体检分-生意贷-8月,0,未触犯红线,未触犯红线
"花生活鲜花（婷雅花坊）	","6774016	",马鞍山,"87.0	",提升月均体检分-生意贷-8月,0,未触犯红线,未触犯红线
"花开有时・七夕鲜花	","6774085	",乌鲁木齐,"55.0	",--,0,未触犯红线,未触犯红线
"花生活鲜花（LOVE鲜花店）	","6826710	",廊坊,"66.0	",提升月均体检分-生意贷-8月,0,未触犯红线,未触犯红线
"花生活鲜花（流星花园鲜花）	","6826712	",廊坊,"76.0	",提升月均体检分-生意贷-8月,0,未触犯红线,未触犯红线
"花生活鲜花（倾城时光鲜花）	","6826772	",吉安,"84.0	",提升月均体检分-生意贷-8月,0,未触犯红线,未触犯红线
"花生活鲜花（花满屋）	","6865867	",合肥,"78.0	",提升月均体检分-生意贷-8月,0,未触犯红线,未触犯红线
"花生活鲜花（爱花行）	","6881023	",枣庄,"76.0	",提升月均体检分-生意贷-8月,0,未触犯红线,未触犯红线
"花生活鲜花（七里香花艺）	","6882162	",遂宁,"52.0	",--,176,未触犯红线,未触犯红线
"花生活鲜花（可可家鲜花）	","6882163	",石家庄,"54.0	",--,0,未触犯红线,未触犯红线
"花生活鲜花（天蓉鲜花店）	","6882164	",嘉兴,"66.0	",--,369,未触犯红线,未触犯红线
"花生活鲜花（栋梁花卉）	","6882165	",开封,"73.0	",提升月均体检分-生意贷-8月,0,未触犯红线,未触犯红线
"花生活鲜花（有间鲜花店）	","6928399	",银川,"62.0	",提升月均体检分-生意贷-8月,711,未触犯红线,未触犯红线
"花生活鲜花（伟爵爷仪嘉花艺馆）	","6944778	",烟台,"56.0	",--,0,未触犯红线,未触犯红线
"花生活鲜花（韦爵爷花店）	","6952198	",武汉,"77.0	",提升月均体检分-生意贷-8月,0,未触犯红线,未触犯红线
"花生活鲜花（佳人婚庆店）	","6956267	",常州,"80.0	",提升月均体检分-生意贷-8月,0,未触犯红线,未触犯红线
"花生活鲜花（花掌门）	","6967767	",抚顺,"77.0	",提升月均体检分-生意贷-8月,176,未触犯红线,未触犯红线
"花生活鲜花（奢漫花艺）	","6968235	",长春,"77.0	",提升月均体检分-生意贷-8月,0,未触犯红线,未触犯红线
"花生活鲜花（曼陀罗花开）	","7004308	",宝鸡,"64.0	",提升月均体检分-生意贷-8月,0,未触犯红线,未触犯红线
"花生活鲜花（心艺花店）	","7022271	",长沙,"65.0	",提升月均体检分-生意贷-8月,0,未触犯红线,未触犯红线
"花生活鲜花（花漾flower鲜花店）	","7022273	",北京,"49.0	",提升月均体检分-生意贷-8月,0,未触犯红线,未触犯红线
"花生活鲜花（唯爱花坊）	","7022274	",合肥,"76.0	",提升月均体检分-生意贷-8月,278,未触犯红线,未触犯红线
"花生活鲜花（太阳红花店）	","7022275	",资阳,"71.0	",提升月均体检分-生意贷-8月,0,未触犯红线,未触犯红线
"花生活鲜花（姐姐的花店）	","7022276	",镇江,"70.0	",提升月均体检分-生意贷-8月,0,未触犯红线,未触犯红线
"花生活鲜花（萍萍花店）	","7022374	",上海,"76.0	",提升月均体检分-生意贷-8月,0,未触犯红线,未触犯红线
"花生活鲜花（冉绘鲜花）	","7022375	",吕梁,"75.0	",提升月均体检分-生意贷-8月,0,未触犯红线,未触犯红线
"花生活鲜花（鲜花批发）	","7028637	",双鸭山,"76.0	",提升月均体检分-生意贷-8月,0,未触犯红线,未触犯红线
"花生活鲜花（森森鲜花）	","7063793	",唐山,"71.0	",提升月均体检分-生意贷-8月,284,未触犯红线,未触犯红线
"韦爵爷生活花艺馆（七夕情人节，礼物，鲜花）	","7088807	",哈尔滨,"64.0	",提升月均体检分-生意贷-8月,0,未触犯红线,未触犯红线
"花生活鲜花（花筵万达店）	","7093976	",常德,"59.0	",提升月均体检分-生意贷-8月,0,未触犯红线,未触犯红线
"花生活鲜花（铭相花缘）	","7094045	",上海,"74.0	",提升月均体检分-生意贷-8月,0,未触犯红线,未触犯红线
"花生活鲜花（绿家园艺）	","7160078	",厦门,"54.0	",--,0,未触犯红线,未触犯红线
"花生活鲜花（花研巧遇）	","7166109	",合肥,"76.0	",--,0,未触犯红线,未触犯红线
"花生活鲜花（花香鲜花店）	","7166110	",泸州,"80.0	",提升月均体检分-生意贷-8月,119,未触犯红线,未触犯红线
"花生活鲜花（蒂留香花艺）	","7166112	",六安,"61.0	",--,0,未触犯红线,未触犯红线
"花生活鲜花（浪漫鲜花坊）	","7166113	",德州,"56.0	",提升月均体检分-生意贷-8月,0,未触犯红线,未触犯红线
"花生活鲜花（韦爵爷花艺坊）	","7166116	",合肥,"53.0	",--,0,未触犯红线,未触犯红线
"花生活鲜花（花开相爱）	","7166264	",合肥,"74.0	",提升月均体检分-生意贷-8月,0,未触犯红线,未触犯红线
"花生活鲜花（四季春花艺美学馆）	","7194721	",丽江,"81.0	",提升月均体检分-生意贷-8月,0,未触犯红线,未触犯红线
"友缘鲜花（七夕节日，表白，鲜花）	","7196730	",曲靖,"81.0	",提升月均体检分-生意贷-8月,0,未触犯红线,未触犯红线
"花生活鲜花（兰草缘花坊鲜花）	","7207842	",合肥,"78.0	",提升月均体检分-生意贷-8月,0,未触犯红线,未触犯红线
"花生活鲜花（花殿鲜花店）	","7207843	",呼伦贝尔,"61.0	",提升月均体检分-生意贷-8月,278,未触犯红线,未触犯红线
"花生活鲜花（花言巧语花艺坊）	","7207845	",南平,"67.0	",提升月均体检分-生意贷-8月,181,未触犯红线,未触犯红线
"花生活鲜花（极乐莲华鲜花）	","7207846	",杭州,"79.0	",提升月均体检分-生意贷-8月,0,未触犯红线,未触犯红线
"花生活鲜花（花匠花艺）	","7207847	",泉州,"68.0	",提升月均体检分-生意贷-8月,0,未触犯红线,未触犯红线
"花生活鲜花（原色花店）	","7207848	",南充,"70.0	",提升月均体检分-生意贷-8月,0,未触犯红线,未触犯红线
"花生活鲜花（尚花坊）	","7207850	",亳州,"78.0	",提升月均体检分-生意贷-8月,0,未触犯红线,未触犯红线
"花生活鲜花（龙兴花艺）	","7207851	",龙岩,"87.0	",提升月均体检分-生意贷-8月,0,未触犯红线,未触犯红线
"花生活鲜花（栖梧花店）	","7264470	",厦门,"60.0	",--,0,未触犯红线,未触犯红线
"花生活鲜花（花朝鲜花店）	","7264472	",合肥,"60.0	",--,176,未触犯红线,未触犯红线
"花生活鲜花（密语花坊）	","7264474	",上海,"62.0	",提升月均体检分-生意贷-8月,0,未触犯红线,未触犯红线
"邀邀妮之鲜花店（七夕情人节，告白，生日）	","7264476	",湛江,"66.0	",提升月均体检分-生意贷-8月,0,未触犯红线,未触犯红线
"花生活鲜花（槿妍花舍）	","7280704	",泸州,"60.0	",提升月均体检分-生意贷-8月,264,未触犯红线,未触犯红线
"花生活鲜花（新罗区石斛花坊）	","7310176	",龙岩,"50.0	",--,592,未触犯红线,未触犯红线
"花梦谷花卉（七夕节日，表白，鲜花）	","7310188	",绍兴,"75.0	",提升月均体检分-生意贷-8月,0,未触犯红线,未触犯红线
"花生活鲜花（筱月鲜花店）	","7311299	",合肥,"52.0	",提升月均体检分-生意贷-8月,0,未触犯红线,未触犯红线
"花生活鲜花（如意花坊银川店店）	","7317971	",银川,"60.0	",提升月均体检分-生意贷-8月,0,未触犯红线,未触犯红线
"花生活鲜花（知音花艺）	","7317972	",金华,"65.0	",提升月均体检分-生意贷-8月,0,未触犯红线,未触犯红线
"花生活鲜花（朵美鲜花）	","7318032	",辽阳,"76.0	",提升月均体检分-生意贷-8月,0,未触犯红线,未触犯红线
"洋洋花语屋（七夕情人节，告白，生日）	","7331152	",眉山,"77.0	",提升月均体检分-生意贷-8月,0,未触犯红线,未触犯红线
"花生活鲜花（馨灵花屋）	","7349050	",南平,"82.0	",提升月均体检分-生意贷-8月,0,未触犯红线,未触犯红线
"花聚花艺馆(欣园店）	","7349051	",合肥,"72.0	",提升月均体检分-生意贷-8月,0,未触犯红线,未触犯红线
"花生活鲜花（赢聚花行）	","7349052	",上海,"50.0	",--,0,未触犯红线,未触犯红线
"花生活鲜花（饰美鲜花）	","7349060	",天津,"58.0	",--,0,未触犯红线,未触犯红线
"芳香花艺馆（顺园店）	","7349110	",合肥,"68.0	",提升月均体检分-生意贷-8月,0,未触犯红线,未触犯红线
"花生活鲜花（非凡花艺）	","7392788	",淮安,"75.0	",提升月均体检分-生意贷-8月,0,未触犯红线,未触犯红线
"花生活鲜花（幸福花店遵义店）	","7392799	",遵义,"52.0	",--,0,未触犯红线,未触犯红线
"花生活鲜花（百花轩）	","7392893	",兰州,"74.0	",提升月均体检分-生意贷-8月,784,未触犯红线,未触犯红线
"花生活鲜花（花之物语花店）	","7392896	",南昌,"57.0	",--,0,未触犯红线,未触犯红线
"花生活鲜花（阿紫鲜花店）	","7392897	",天津,"61.0	",提升月均体检分-生意贷-8月,0,未触犯红线,未触犯红线
"花生活鲜花（花房姑娘鲜花店）	","7392899	",九江,"62.0	",提升月均体检分-生意贷-8月,0,未触犯红线,未触犯红线
"花生活鲜花（如意花坊济南店）	","7392900	",济南,"63.0	",提升月均体检分-生意贷-8月,0,未触犯红线,未触犯红线
"花生活鲜花（挚爱一生鲜花店）	","7392901	",宁德,"62.0	",提升月均体检分-生意贷-8月,711,未触犯红线,未触犯红线
"花生活鲜花（花先生鲜花店）	","7392902	",绍兴,"65.0	",--,1702,未触犯红线,未触犯红线
"花生活鲜花（云槿花艺）	","7392906	",无锡,"74.0	",提升月均体检分-生意贷-8月,0,未触犯红线,未触犯红线
"花生活鲜花（玫瑰园鲜花）	","7392907	",渭南,"60.0	",--,0,未触犯红线,未触犯红线
"花生活鲜花（同心花艺）	","7427902	",遵义,"54.0	",提升月均体检分-生意贷-8月,0,未触犯红线,未触犯红线
"花生活鲜花（我在等你）	","7427904	",鹰潭,"63.0	",--,0,未触犯红线,未触犯红线
"花生活鲜花（水晶之恋花坊）	","7428704	",中卫,"61.0	",提升月均体检分-生意贷-8月,268,未触犯红线,未触犯红线
"花生活鲜花（印象花坊）	","7429078	",宁德,"70.0	",提升月均体检分-生意贷-8月,0,未触犯红线,未触犯红线
"花生活鲜花（幸福之花）	","7475288	",西安,"59.0	",--,0,未触犯红线,未触犯红线
"花生活鲜花（馨语花屋）	","7475292	",遵义,"82.0	",提升月均体检分-生意贷-8月,176,未触犯红线,未触犯红线
"花生活鲜花（520忆花坊）	","7475293	",遵义,"74.0	",提升月均体检分-生意贷-8月,0,未触犯红线,未触犯红线
"花生活鲜花（苔米花艺）	","7475294	",烟台,"73.0	",提升月均体检分-生意贷-8月,0,未触犯红线,未触犯红线
"花生活鲜花（锦卉花艺）	","7475297	",上海,"54.0	",--,0,未触犯红线,未触犯红线
"花生活鲜花（香阁丽娜）	","7475298	",遵义,"81.0	",提升月均体检分-生意贷-8月,0,未触犯红线,未触犯红线
"花生活鲜花（宇欣花店）	","7475299	",合肥,"59.0	",--,0,未触犯红线,未触犯红线
"花生活鲜花（花缘花店）	","7475300	",东莞,"75.0	",提升月均体检分-生意贷-8月,0,未触犯红线,未触犯红线
"花生活鲜花（百合花坊）	","7475402	",中卫,"72.0	",提升月均体检分-生意贷-8月,278,未触犯红线,未触犯红线
"花生活鲜花（艺轩鲜花）	","7514879	",泉州,"71.0	",提升月均体检分-生意贷-8月,0,未触犯红线,未触犯红线
"花生活鲜花（小姐姐花店）	","7514880	",安庆,"67.0	",提升月均体检分-生意贷-8月,428,未触犯红线,未触犯红线
"花生活鲜花（小简花艺工作室）	","7514881	",绍兴,"79.0	",提升月均体检分-生意贷-8月,0,未触犯红线,未触犯红线
"花生活鲜花（倾城花屋）	","7514883	",徐州,"58.0	",提升月均体检分-生意贷-8月,800,未触犯红线,未触犯红线
"花生活鲜花（启缘花店）	","7514884	",镇江,"71.0	",提升月均体检分-生意贷-8月,0,未触犯红线,未触犯红线
"花生活鲜花（七彩花卉）	","7514886	",黄冈,"78.0	",提升月均体检分-生意贷-8月,318,未触犯红线,未触犯红线
"花生活鲜花（平价鲜花坊）	","7514887	",安顺,"53.0	",--,876,未触犯红线,未触犯红线
"花生活鲜花（名媛花希	","7514888	",重庆,"68.0	",提升月均体检分-生意贷-8月,0,未触犯红线,未触犯红线
"花生活鲜花（米粒鲜花之家）	","7514889	",泸州,"57.0	",--,0,未触犯红线,未触犯红线
"花生活鲜花（金蔷薇时尚花艺）	","7514890	",襄阳,"81.0	",提升月均体检分-生意贷-8月,0,未触犯红线,未触犯红线
"花生活鲜花（花之恋花卉）	","7514891	",珠海,"56.0	",--,0,未触犯红线,未触犯红线
"花生活鲜花（花缘轩）	","7514892	",厦门,"78.0	",提升月均体检分-生意贷-8月,0,未触犯红线,未触犯红线
"花生活鲜花（爱尚花艺）	","7514896	",安顺,"82.0	",提升月均体检分-生意贷-8月,0,未触犯红线,未触犯红线
"花生活鲜花（窑辉鲜花礼仪）	","7515286	",拉萨,"74.0	",提升月均体检分-生意贷-8月,0,未触犯红线,未触犯红线
"花生活鲜花（绿如蓝花店）	","7515288	",达州,"73.0	",提升月均体检分-生意贷-8月,0,未触犯红线,未触犯红线
"花生活鲜花（雨辉花店）	","7545487	",福州,"70.0	",提升月均体检分-生意贷-8月,0,未触犯红线,未触犯红线
"花生活鲜花（海天花艺）	","7545488	",咸阳,"65.0	",提升月均体检分-生意贷-8月,0,未触犯红线,未触犯红线
"花生活鲜花（花草堂鲜花店）	","7545489	",银川,"75.0	",提升月均体检分-生意贷-8月,0,未触犯红线,未触犯红线
"花生活鲜花（尚品花艺）	","7545490	",郴州,"68.0	",提升月均体检分-生意贷-8月,0,未触犯红线,未触犯红线
"花生活鲜花（湛江畅通鲜花）	","7545492	",湛江,"57.0	",--,0,未触犯红线,未触犯红线
"花生活鲜花（柒色花艺馆）	","7545494	",柳州,"60.0	",提升月均体检分-生意贷-8月,0,未触犯红线,未触犯红线
"花生活鲜花（爱琴海鲜花店）	","7546953	",湛江,"76.0	",提升月均体检分-生意贷-8月,0,未触犯红线,未触犯红线
"花生活鲜花（爱花人）	","7622475	",上海,"65.0	",--,0,未触犯红线,未触犯红线
"花生活鲜花（鲜花绿植）	","7634499	",北京,"71.0	",提升月均体检分-生意贷-8月,0,未触犯红线,未触犯红线
"花生活鲜花（花幸福花店襄阳店）	","7641996	",襄阳,"76.0	",提升月均体检分-生意贷-8月,0,未触犯红线,未触犯红线
"花生活鲜花（拾花者）	","7642002	",杭州,"69.0	",提升月均体检分-生意贷-8月,308,未触犯红线,未触犯红线
"花生活鲜花（第三居鲜花店）	","7642004	",遵义,"59.0	",提升月均体检分-生意贷-8月,0,未触犯红线,未触犯红线
"花生活鲜花（爱人鲜花）	","7642006	",营口,"84.0	",提升月均体检分-生意贷-8月,0,未触犯红线,未触犯红线
"花生活鲜花（麦子花艺馆）	","7642070	",合肥,"69.0	",--,0,未触犯红线,未触犯红线
"花生活鲜花（花花世界安顺店）	","7642072	",安顺,"65.0	",提升月均体检分-生意贷-8月,228,未触犯红线,未触犯红线
"花生活鲜花（花花小娴）	","7642073	",黄冈,"53.0	",--,176,未触犯红线,未触犯红线
"花生活鲜花（云艳花坊）	","7642074	",黄冈,"81.0	",提升月均体检分-生意贷-8月,0,未触犯红线,未触犯红线
"花生活鲜花（紫罗兰花艺坊）	","7642075	",泉州,"61.0	",--,0,未触犯红线,未触犯红线
"花生活鲜花（百艳鲜花）	","7642076	",威海,"69.0	",提升月均体检分-生意贷-8月,0,未触犯红线,未触犯红线
"花生活鲜花（麦花阁鲜花）	","7672370	",杭州,"77.0	",提升月均体检分-生意贷-8月,0,未触犯红线,未触犯红线
"花生活鲜花（k艺轩）	","7672411	",杭州,"81.0	",提升月均体检分-生意贷-8月,0,未触犯红线,未触犯红线
"花生活鲜花（幸福の花）	","7672419	",西安,"64.0	",提升月均体检分-生意贷-8月,0,未触犯红线,未触犯红线
"花生活鲜花（义乌鲜花婚庆）	","7672420	",金华,"67.0	",提升月均体检分-生意贷-8月,502,未触犯红线,未触犯红线
"花生活鲜花（绿之源花卉园艺）	","7672499	",黄冈,"55.0	",--,138,未触犯红线,未触犯红线
"花生活鲜花（唯爱花店南宁店）	","7682068	",南宁,"68.0	",提升月均体检分-生意贷-8月,0,未触犯红线,未触犯红线
"花生活鲜花（温馨花店）	","7690567	",重庆,"80.0	",提升月均体检分-生意贷-8月,0,未触犯红线,未触犯红线
"花生活鲜花（流星花园）	","7743128	",贵阳,"66.0	",提升月均体检分-生意贷-8月,0,未触犯红线,未触犯红线
"花生活鲜花（土土花店婚庆）	","7743129	",绍兴,"60.0	",--,0,未触犯红线,未触犯红线
"花生活鲜花（静静花艺凤凰北街店）	","7743130	",银川,"74.0	",提升月均体检分-生意贷-8月,0,未触犯红线,未触犯红线
"花生活鲜花（浪漫花语）	","7743133	",赣州,"76.0	",提升月均体检分-生意贷-8月,0,未触犯红线,未触犯红线
"别样花艺（怀柔店）	","7785891	",北京,"70.0	",提升月均体检分-生意贷-8月,278,未触犯红线,未触犯红线
"花生活鲜花（百缘鲜花坊）	","7785893	",泉州,"71.0	",提升月均体检分-生意贷-8月,0,未触犯红线,未触犯红线
"花生活鲜花（媛媛花艺工作室）	","7785894	",贵阳,"54.0	",--,0,未触犯红线,未触犯红线
"花生活鲜花（心愿屋鲜花店）	","7785895	",贵阳,"75.0	",提升月均体检分-生意贷-8月,0,未触犯红线,未触犯红线
"花生活鲜花（湘湘鲜花蛋糕）	","7785896	",淄博,"70.0	",--,0,未触犯红线,未触犯红线
"花生活鲜花（芸花坊）	","7785967	",抚顺,"90.0	",提升月均体检分-生意贷-8月,0,未触犯红线,未触犯红线
"花生活鲜花（馨悦花店）	","7907142	",上海,"62.0	",提升月均体检分-生意贷-8月,316,未触犯红线,未触犯红线
"花生活鲜花（花仙子鲜花店）	","7907143	",鄂州,"61.0	",--,0,未触犯红线,未触犯红线
"花生活鲜花（千卉阁花艺）	","7907144	",贵阳,"58.0	",--,0,未触犯红线,未触犯红线
"花生活鲜花（艾米拉花店）	","7934066	",泸州,"53.0	",--,416,未触犯红线,未触犯红线
"花生活鲜花（浪漫花都）	","7934067	",运城,"58.0	",--,0,未触犯红线,未触犯红线
"花生活鲜花（花艺学院）	","7934071	",厦门,"71.0	",提升月均体检分-生意贷-8月,0,未触犯红线,未触犯红线
"花生活鲜花（红玫瑰鲜花婚庆）	","7934075	",榆林,"70.0	",提升月均体检分-生意贷-8月,0,未触犯红线,未触犯红线
"花生活鲜花（夜来香鲜花）	","7934077	",北京,"72.0	",提升月均体检分-生意贷-8月,0,未触犯红线,未触犯红线
"花生活鲜花（情缘鲜花店榆林店）	","7934078	",榆林,"74.0	",提升月均体检分-生意贷-8月,0,未触犯红线,未触犯红线
"花生活鲜花（爱轩花艺）	","7994663	",温州,"64.0	",提升月均体检分-生意贷-8月,0,未触犯红线,未触犯红线
"花生活鲜花（项诚花艺）	","7994665	",泉州,"56.0	",--,0,未触犯红线,未触犯红线
"花生活鲜花（遇见花艺鲜花店）	","7994666	",上海,"73.0	",提升月均体检分-生意贷-8月,0,未触犯红线,未触犯红线
"花生活鲜花（彩・鲜花）	","7994668	",贵阳,"81.0	",提升月均体检分-生意贷-8月,0,未触犯红线,未触犯红线
"花生活鲜花（爱花坊鲜花店）	","7994671	",温州,"69.0	",提升月均体检分-生意贷-8月,352,未触犯红线,未触犯红线
"花生活鲜花（禾木鲜花店）	","7994673	",天津,"79.0	",提升月均体检分-生意贷-8月,0,未触犯红线,未触犯红线
"花生活鲜花（爱花居鲜花店）	","7994675	",贵阳,"77.0	",提升月均体检分-生意贷-8月,219.4,未触犯红线,未触犯红线
"花生活鲜花（花轩子鲜花店）	","8068587	",毕节,"59.0	",--,0,未触犯红线,未触犯红线
"花生活鲜花（花瓣雨鲜花总汇）	","8070349	",仙桃,"66.0	",提升月均体检分-生意贷-8月,0,未触犯红线,未触犯红线
"花生活鲜花（红豆情鲜花）	","8071981	",北京,"69.0	",--,1476,未触犯红线,未触犯红线
"花生活鲜花（三爷花店）	","8089012	",乌海,"81.0	",提升月均体检分-生意贷-8月,0,未触犯红线,未触犯红线
"花生活鲜花（清湘花坊）	","8094433	",乌鲁木齐,"82.0	",提升月均体检分-生意贷-8月,0,未触犯红线,未触犯红线
"花生活鲜花（浩美鲜花礼品）	","8094434	",吕梁,"71.0	",--,0,未触犯红线,未触犯红线
"群磊花艺	","8116641	",杭州,"58.0	",提升月均体检分-生意贷-8月,0,未触犯红线,未触犯红线
"蔚然花坊（七夕情人节，告白，鲜花）	","8197675	",南通,"71.0	",提升月均体检分-生意贷-8月,0,未触犯红线,未触犯红线
"花生活鲜花（花叙鲜花店）	","8207107	",宜春,"71.0	",提升月均体检分-生意贷-8月,0,未触犯红线,未触犯红线
"花生活鲜花（艺尚鲜花）	","8207108	",无锡,"58.0	",--,0,未触犯红线,未触犯红线
"花生活鲜花（花前悦夏鲜花店）	","8207110	",毕节,"57.0	",--,0,未触犯红线,未触犯红线
"花生活鲜花（有家花店）	","8207111	",遵义,"64.0	",--,176,未触犯红线,未触犯红线
"花生活鲜花（书悦花卉）	","8207112	",宁波,"68.0	",提升月均体检分-生意贷-8月,0,未触犯红线,未触犯红线
"花生活鲜花（初吻花坊）	","8207114	",遵义,"55.0	",--,0,未触犯红线,未触犯红线
"花生活鲜花（暖花艺鲜花店）	","8207115	",德州,"50.0	",--,352,未触犯红线,未触犯红线
"花生活鲜花（花开半夏鲜花店）	","8207118	",宝鸡,"77.0	",提升月均体检分-生意贷-8月,0,未触犯红线,未触犯红线
"花生活鲜花（温馨花屋鲜花店）	","8207119	",新余,"65.0	",提升月均体检分-生意贷-8月,0,未触犯红线,未触犯红线
"馨之园鲜花（螺蛳湾店，・教师节鲜花）	","8207120	",昆明,"84.0	",提升月均体检分-生意贷-8月,0,未触犯红线,未触犯红线
"花生活鲜花（如意花坊贵阳店）	","8222414	",贵阳,"75.0	",提升月均体检分-生意贷-8月,0,未触犯红线,未触犯红线
"花生活鲜花（锦绣花艺坊）	","8226888	",毕节,"63.0	",提升月均体检分-生意贷-8月,209,未触犯红线,未触犯红线
"花生活鲜花（花之韵鲜花店）	","8250903	",新乡,"82.0	",提升月均体检分-生意贷-8月,0,未触犯红线,未触犯红线
"花生活鲜花（FLOWER鲜花）	","8250905	",济宁,"85.0	",提升月均体检分-生意贷-8月,0,未触犯红线,未触犯红线
"花生活鲜花（薇花坊鲜花店）	","8250906	",天津,"44.0	",--,0,未触犯红线,未触犯红线
"花生活鲜花（恋恋繁花鲜花店）	","8250907	",天津,"56.0	",--,0,未触犯红线,未触犯红线
"花生活鲜花（雅鲜花店）	","8253592	",上海,"61.0	",提升月均体检分-生意贷-8月,264,未触犯红线,未触犯红线
"花生活鲜花（花语鲜花坊花店）	","8253593	",天津,"78.0	",提升月均体检分-生意贷-8月,0,未触犯红线,未触犯红线
"花生活鲜花（尚艺空间花艺）	","8258610	",昆明,"65.0	",提升月均体检分-生意贷-8月,0,未触犯红线,未触犯红线
"花生活鲜花（旺达鲜花店）	","8258611	",中山,"49.0	",--,0,未触犯红线,未触犯红线
"初心花坊（七夕情人节，告白，鲜花）	","8258612	",菏泽,"64.0	",提升月均体检分-生意贷-8月,0,未触犯红线,未触犯红线
"花生活鲜花（一品花艺）	","8278261	",银川,"71.0	",提升月均体检分-生意贷-8月,0,未触犯红线,未触犯红线
"花生活鲜花（拾秋花店）	","8278262	",合肥,"71.0	",提升月均体检分-生意贷-8月,0,未触犯红线,未触犯红线
"绿宇花卉（七夕情人节，礼物，鲜花）	","8278263	",贵阳,"47.0	",--,176,未触犯红线,未触犯红线
"花生活鲜花（时光对白花店）	","8278267	",周口,"73.0	",提升月均体检分-生意贷-8月,0,未触犯红线,未触犯红线
"花生活鲜花（慧宇花屋）	","8278268	",天津,"69.0	",提升月均体检分-生意贷-8月,0,未触犯红线,未触犯红线
"久久花店・教师节鲜花	","8278272	",西宁,"65.0	",提升月均体检分-生意贷-8月,264,未触犯红线,未触犯红线
"花生活鲜花（一间花店）	","8278275	",厦门,"81.0	",提升月均体检分-生意贷-8月,0,未触犯红线,未触犯红线
"花生活鲜花（岭铖花坊）	","8278322	",四平,"60.0	",提升月均体检分-生意贷-8月,556,未触犯红线,未触犯红线
"花生活鲜花（莉莉鲜花店）	","8278323	",克孜勒苏柯尔克孜自治州,"66.0	",提升月均体检分-生意贷-8月,1172,未触犯红线,未触犯红线
"花生活鲜花（翊渡花舍鲜花店）	","8278324	",武汉,"56.0	",--,0,未触犯红线,未触犯红线
"花生活鲜花（知心花卉）	","8278326	",芜湖,"53.0	",--,0,未触犯红线,未触犯红线
"花生活鲜花（冬平花屋）	","8278376	",宁波,"63.0	",--,228,未触犯红线,未触犯红线
"花生活鲜花（罗曼蒂克花艺婚庆）	","8278380	",烟台,"77.0	",提升月均体检分-生意贷-8月,0,未触犯红线,未触犯红线
"花生活鲜花（美俪汇花艺）	","8278384	",重庆,"73.0	",提升月均体检分-生意贷-8月,0,未触犯红线,未触犯红线
"花生活鲜花（启美花卉）	","8278455	",昆明,"68.0	",提升月均体检分-生意贷-8月,0,未触犯红线,未触犯红线
"花生活鲜花（知忆花舍）	","8278456	",淄博,"55.0	",--,0,未触犯红线,未触犯红线
"花生活鲜花（花痴花坊）	","8278457	",上海,"63.0	",--,0,未触犯红线,未触犯红线
"花生活鲜花（蝶恋花花店）	","8278459	",南通,"81.0	",提升月均体检分-生意贷-8月,0,未触犯红线,未触犯红线
"花生活鲜花（乐陵鲜花店）	","8278460	",德州,"78.0	",提升月均体检分-生意贷-8月,0,未触犯红线,未触犯红线
"花生活鲜花（臻挚花艺馆）	","8280405	",廊坊,"48.0	",--,264,未触犯红线,未触犯红线
"花生活鲜花（遇见花坊）	","8280460	",昆明,"88.0	",提升月均体检分-生意贷-8月,0,未触犯红线,未触犯红线
"安宁胡子花卉店(花生活鲜花胡子花艺)	","8284382	",昆明,"86.0	",提升月均体检分-生意贷-8月,0,未触犯红线,未触犯红线
"花生活鲜花（花界花店）	","8284386	",贺州,"83.0	",提升月均体检分-生意贷-8月,0,未触犯红线,未触犯红线
"花心思鲜花店（教师节鲜花）	","8357579	",北海,"84.0	",提升月均体检分-生意贷-8月,0,未触犯红线,未触犯红线
"花生活鲜花（遇见BEAUTY）	","8357582	",菏泽,"85.0	",提升月均体检分-生意贷-8月,0,未触犯红线,未触犯红线
"花生活鲜花（艺朵花艺）	","8357588	",嘉兴,"68.0	",提升月均体检分-生意贷-8月,0,未触犯红线,未触犯红线
"花生活鲜花（花心思花艺贵阳店）	","8357592	",贵阳,"62.0	",提升月均体检分-生意贷-8月,169,未触犯红线,未触犯红线
"花生活鲜花（花源花卉）	","8357593	",昆明,"77.0	",提升月均体检分-生意贷-8月,0,未触犯红线,未触犯红线
"花生活鲜花（圣格花艺）	","8358888	",沈阳,"58.0	",--,0,未触犯红线,未触犯红线
"花生活鲜花（水仙百合居）	","8364413	",柳州,"63.0	",提升月均体检分-生意贷-8月,0,未触犯红线,未触犯红线
"花生活鲜花（花艺坊聊城店）	","8364414	",聊城,"63.0	",--,269,未触犯红线,未触犯红线
"花生活鲜花（美之缘鲜花店）	","8364416	",临沂,"52.0	",--,176,未触犯红线,未触犯红线
"花生活鲜花（花恋社花艺）	","8364417	",南京,"75.0	",提升月均体检分-生意贷-8月,0,未触犯红线,未触犯红线
"花生活鲜花（玫瑰之约）	","8435950	",徐州,"50.0	",--,264,未触犯红线,未触犯红线
"花生活鲜花（重庆四季花坊）	","8435952	",重庆,"56.0	",提升月均体检分-生意贷-8月,0,未触犯红线,未触犯红线
"有间花店・七夕鲜花	","8435953	",宁波,"77.0	",提升月均体检分-生意贷-8月,0,未触犯红线,未触犯红线
"花生活鲜花（花之都鲜花批发行）	","8435955	",徐州,"58.0	",提升月均体检分-生意贷-8月,955,未触犯红线,未触犯红线
"花生活鲜花（花之恋鲜花店）	","8435957	",唐山,"86.0	",提升月均体检分-生意贷-8月,0,未触犯红线,未触犯红线
"花生活鲜花（浪漫花都）	","8435958	",遵义,"86.0	",提升月均体检分-生意贷-8月,0,未触犯红线,未触犯红线
"花生活鲜花（玫瑰花坊）	","8435959	",菏泽,"74.0	",提升月均体检分-生意贷-8月,228,未触犯红线,未触犯红线
"花生活鲜花（米莱婚礼鲜花店）	","8435960	",广元,"63.0	",--,2249,未触犯红线,未触犯红线
"花生活鲜花（花非花艺鲜花店）	","8435961	",六安,"54.0	",提升月均体检分-生意贷-8月,0,未触犯红线,未触犯红线
"花生活鲜花（FlowerLife）	","8435962	",南通,"69.0	",提升月均体检分-生意贷-8月,0,未触犯红线,未触犯红线
"卡斯曼鲜花店(衡阳先峰路店）	","8437924	",衡阳,"83.0	",提升月均体检分-生意贷-8月,0,未触犯红线,未触犯红线
"花生活鲜花（花间密码鲜花店）	","8437925	",张家界,"58.0	",--,0,未触犯红线,未触犯红线
"花生活鲜花（金鳞花坊）	","8437926	",苏州,"67.0	",--,0,未触犯红线,未触犯红线
"花生活鲜花（倾城花坊）	","8437927	",仙桃,"52.0	",提升月均体检分-生意贷-8月,176,未触犯红线,未触犯红线
"花之缘鲜花屋・七夕鲜花	","8442887	",昆明,"81.0	",提升月均体检分-生意贷-8月,0,未触犯红线,未触犯红线
"花生活鲜花（鲜花花之语气球DIY）	","8462158	",济宁,"48.0	",--,844,未触犯红线,未触犯红线
"幸福里花艺（七夕情人节，表白，鲜花）	","8471191	",苏州,"79.0	",提升月均体检分-生意贷-8月,0,未触犯红线,未触犯红线
"花生活鲜花（尘世花浓鲜花店）	","8471192	",贵阳,"50.0	",--,0,未触犯红线,未触犯红线
"花生活鲜花（玫瑰小镇）	","8471193	",桂林,"72.0	",提升月均体检分-生意贷-8月,0,未触犯红线,未触犯红线
"花生活鲜花（红日・兰拉德鲜花）	","8471194	",佛山,"71.0	",提升月均体检分-生意贷-8月,0,未触犯红线,未触犯红线
"花生活鲜花（满千缘插花花艺）	","8471195	",珠海,"55.0	",--,0,未触犯红线,未触犯红线
"花生活鲜花（香谷鲜花）	","8471409	",天津,"68.0	",提升月均体检分-生意贷-8月,0,未触犯红线,未触犯红线
"花生活鲜花（浓淋香花艺）	","8471425	",南宁,"59.0	",--,0,未触犯红线,未触犯红线
"心爱之语鲜花（七夕情人节，表白，鲜花）	","8471427	",通辽,"73.0	",提升月均体检分-生意贷-8月,0,未触犯红线,未触犯红线
"简爱花舍（七夕情人节，表白，鲜花）	","8472854	",上海,"64.0	",--,0,未触犯红线,未触犯红线
"花生活鲜花（花宴鲜花店）	","8472855	",茂名,"63.0	",提升月均体检分-生意贷-8月,0,未触犯红线,未触犯红线
"遇见鲜花批发	","8472856	",娄底,"73.0	",--,0,未触犯红线,未触犯红线
"梁氏花木・七夕鲜花	","8488486	",萍乡,"74.0	",提升月均体检分-生意贷-8月,0,未触犯红线,未触犯红线
"红珊瑚鲜花婚庆（七夕节日，表白，鲜花）	","8488487	",渭南,"66.0	",--,0,未触犯红线,未触犯红线
"爱花居晴儿鲜花（七夕情人节，告白，生日）	","8488489	",烟台,"81.0	",提升月均体检分-生意贷-8月,0,未触犯红线,未触犯红线
"花生活鲜花（茉莉花社青年路店）	","8488490	",菏泽,"78.0	",提升月均体检分-生意贷-8月,0,未触犯红线,未触犯红线
"兰星花行（七夕预定，表白，鲜花）	","8492059	",沈阳,"64.0	",提升月均体检分-生意贷-8月,0,未触犯红线,未触犯红线
"绿洲花店	","8492060	",延边朝鲜族自治州,"57.0	",--,0,未触犯红线,未触犯红线
"石林花之缘花艺・教师节鲜花	","8588168	",昆明,"79.0	",提升月均体检分-生意贷-8月,0,未触犯红线,未触犯红线
"小晴花艺（七夕情人节，告白，鲜花）	","8588169	",佛山,"68.0	",提升月均体检分-生意贷-8月,0,未触犯红线,未触犯红线
"天天鲜花	","8588170	",东莞,"59.0	",--,264,未触犯红线,未触犯红线
"心梦花艺	","8588171	",威海,"61.0	",提升月均体检分-生意贷-8月,0,未触犯红线,未触犯红线
"小玲盆栽鲜花店	","8595633	",呼和浩特,"63.0	",--,978,未触犯红线,未触犯红线
"馨艺花店・七夕鲜花	","8607428	",六安,"74.0	",提升月均体检分-生意贷-8月,0,未触犯红线,未触犯红线
"最爱花坊・七夕鲜花	","8709965	",济南,"69.0	",提升月均体检分-生意贷-8月,0,未触犯红线,未触犯红线
"紫香苑鲜花礼品坊・七夕鲜花	","8709967	",武威,"72.0	",提升月均体检分-生意贷-8月,0,未触犯红线,未触犯红线
"听雨花坊（七夕情人节，表白，鲜花）	","8709968	",阜阳,"61.0	",--,0,未触犯红线,未触犯红线
"鲜花礼品・鲜花花束	","8709973	",吕梁,"77.0	",提升月均体检分-生意贷-8月,0,未触犯红线,未触犯红线
"温情花艺工作室（七夕情人节，告白，鲜花）	","8709974	",南京,"77.0	",提升月均体检分-生意贷-8月,0,未触犯红线,未触犯红线
"梵西花艺定制・教师节鲜花	","8709976	",莆田,"76.0	",提升月均体检分-生意贷-8月,0,未触犯红线,未触犯红线
"顺意鲜花店（七夕情人节，告白，生日）	","8724585	",安顺,"73.0	",提升月均体检分-生意贷-8月,0,未触犯红线,未触犯红线
"玫瑰花坊・七夕鲜花	","8743603	",张家口,"62.0	",--,176,未触犯红线,未触犯红线
"千寻花道生活馆（七夕预定，表白，鲜花）	","8755673	",唐山,"77.0	",提升月均体检分-生意贷-8月,0,未触犯红线,未触犯红线
"浪漫今生（七夕预定，表白，鲜花）	","8755674	",巴彦淖尔,"69.0	",提升月均体检分-生意贷-8月,0,未触犯红线,未触犯红线
"勿忘我鲜花（七夕预定，表白，鲜花）	","8755676	",安阳,"79.0	",提升月均体检分-生意贷-8月,0,未触犯红线,未触犯红线
"花开一束・七夕鲜花	","8755677	",湘西土家族苗族自治州,"84.0	",提升月均体检分-生意贷-8月,0,未触犯红线,未触犯红线
"青青鲜花礼品（七夕情人节，告白，生日）	","8755678	",安阳,"65.0	",提升月均体检分-生意贷-8月,0,未触犯红线,未触犯红线
"诗情花艺	","8755679	",盐城,"81.0	",提升月均体检分-生意贷-8月,0,未触犯红线,未触犯红线
"馨语鲜花（七夕情人节，表白，鲜花）	","8755680	",鹤岗,"73.0	",提升月均体检分-生意贷-8月,491,未触犯红线,未触犯红线
"琪琪花店（七夕情人节，表白，鲜花）	","8755682	",佛山,"78.0	",提升月均体检分-生意贷-8月,0,未触犯红线,未触犯红线
"辽宁起航（鲜花婚庆婚车）	","8764356	",本溪,"79.0	",提升月均体检分-生意贷-8月,298,未触犯红线,未触犯红线
"盛世情缘花店（七夕预定，表白，鲜花）	","8776857	",营口,"74.0	",提升月均体检分-生意贷-8月,0,未触犯红线,未触犯红线
"水晶花房（七夕预定，表白，鲜花）	","8790380	",兰州,"74.0	",提升月均体检分-生意贷-8月,264,未触犯红线,未触犯红线
"XLREN FLORLST袭人花店	","8801124	",洛阳,"49.0	",提升月均体检分-生意贷-8月,138,未触犯红线,未触犯红线
"左花生活馆（七夕预定，表白，鲜花）	","8801126	",哈密地区,"80.0	",提升月均体检分-生意贷-8月,0,未触犯红线,未触犯红线
"青艺鲜花（七夕情人节，表白，鲜花）	","8801127	",威海,"67.0	",提升月均体检分-生意贷-8月,0,未触犯红线,未触犯红线
"后花园花艺（教师节鲜花）	","8801128	",湛江,"80.0	",提升月均体检分-生意贷-8月,258,未触犯红线,未触犯红线
"浪漫人生婚庆（七夕情人节，表白，鲜花）	","8801129	",衡阳,"54.0	",--,138,未触犯红线,未触犯红线
"朝夕花舍	","8801607	",唐山,"70.0	",提升月均体检分-生意贷-8月,0,未触犯红线,未触犯红线
"花遇画（七夕节日，表白，鲜花）	","8803711	",贵阳,"64.0	",提升月均体检分-生意贷-8月,0,未触犯红线,未触犯红线
"大顺鲜花礼仪（七夕节日，表白，鲜花）	","8803761	",牡丹江,"59.0	",提升月均体检分-生意贷-8月,176,未触犯红线,未触犯红线
"芳君花艺（七夕情人节，表白，鲜花）	","8803762	",牡丹江,"75.0	",提升月均体检分-生意贷-8月,0,未触犯红线,未触犯红线
"花唯媒	","8803763	",安阳,"70.0	",--,0,未触犯红线,未触犯红线
"竹蜻蜓花艺坊・七夕鲜花	","8803816	",包头,"72.0	",--,0,未触犯红线,未触犯红线
"唯爱花艺・七夕鲜花	","8804150	",温州,"63.0	",提升月均体检分-生意贷-8月,0,未触犯红线,未触犯红线
"木棉花花艺（教师节鲜花）	","8818185	",重庆,"79.0	",提升月均体检分-生意贷-8月,0,未触犯红线,未触犯红线
"栗子花店（七夕预定，表白，鲜花）	","8822565	",伊春市,"84.0	",提升月均体检分-生意贷-8月,0,未触犯红线,未触犯红线
"鸢尾花艺坊（七夕预定，表白，鲜花）	","8849777	",鄂尔多斯,"66.0	",提升月均体检分-生意贷-8月,0,未触犯红线,未触犯红线
"意达鲜花店（七夕节日，表白，鲜花）	","8849779	",烟台,"70.0	",提升月均体检分-生意贷-8月,0,未触犯红线,未触犯红线
"约定花行（七夕节日，表白，鲜花）	","8849782	",洛阳,"62.0	",--,138,未触犯红线,未触犯红线
"世纪花苑（七夕预定，表白，鲜花）	","8849785	",洛阳,"49.0	",--,176,未触犯红线,未触犯红线
"简一鲜花（七夕预定，表白，鲜花）	","8849786	",长春,"58.0	",--,0,未触犯红线,未触犯红线
"栀子花卉（七夕情人节，礼物，鲜花）	","8849787	",佛山,"57.0	",--,0,未触犯红线,未触犯红线
"鲜花店（七夕情人节，表白，鲜花）	","8849788	",绥化,"79.0	",提升月均体检分-生意贷-8月,0,未触犯红线,未触犯红线
"朝花夕拾花艺（七夕情人节，告白，鲜花）	","8849789	",吉安,"88.0	",提升月均体检分-生意贷-8月,0,未触犯红线,未触犯红线
"花无缺鲜花(花生活鲜花林州店)	","8849837	",安阳,"82.0	",提升月均体检分-生意贷-8月,0,未触犯红线,未触犯红线
"玫瑰花店（七夕预定，表白，鲜花）	","8863767	",重庆,"78.0	",提升月均体检分-生意贷-8月,0,未触犯红线,未触犯红线
"花仙子花坊（七夕节日，表白，鲜花）	","8865559	",重庆,"75.0	",提升月均体检分-生意贷-8月,0,未触犯红线,未触犯红线
"清原鲜花批发（七夕情人节，告白，生日）	","8865561	",洛阳,"58.0	",提升月均体检分-生意贷-8月,0,未触犯红线,未触犯红线
"花语轩（七夕情人节，表白，鲜花）	","8866729	",滁州,"83.0	",提升月均体检分-生意贷-8月,0,未触犯红线,未触犯红线
"佳怡鲜花批发（七夕情人节，礼物，鲜花）	","8881539	",天津,"58.0	",--,0,未触犯红线,未触犯红线
"20.时光（七夕情人节，礼物，鲜花）	","8902541	",湖州,"66.0	",提升月均体检分-生意贷-8月,0,未触犯红线,未触犯红线
"七彩花店	","8902544	",朝阳,"77.0	",提升月均体检分-生意贷-8月,0,未触犯红线,未触犯红线
"e彩鲜花（七夕情人节，告白，鲜花）	","8902545	",朝阳,"65.0	",提升月均体检分-生意贷-8月,0,未触犯红线,未触犯红线
"小姐姐的花店（七夕情人节，告白，鲜花）	","8902546	",佛山,"52.0	",--,0,未触犯红线,未触犯红线
"玫瑰花屋・七夕鲜花	","8902547	",周口,"62.0	",--,183,未触犯红线,未触犯红线
"幸福花店（七夕预定，表白，鲜花）	","8902548	",黔东南苗族侗族自治州,"56.0	",提升月均体检分-生意贷-8月,0,未触犯红线,未触犯红线
"千卉阁花艺（七夕节日，表白，鲜花）	","8902595	",杭州,"76.0	",提升月均体检分-生意贷-8月,0,未触犯红线,未触犯红线
"花掌门	","8903255	",毕节,"48.0	",--,751,未触犯红线,未触犯红线
"钟爱一生婚庆策划	","8958023	",汕尾,"65.0	",提升月均体检分-生意贷-8月,0,未触犯红线,未触犯红线
"蓝星星花屋（七夕情人节，表白，鲜花）	","8958024	",济宁,"60.0	",提升月均体检分-生意贷-8月,386,未触犯红线,未触犯红线
"花时花开	","8958026	",厦门,"46.0	",--,295,未触犯红线,未触犯红线
"芙蓉仙鲜花店（七夕情人节，礼物，鲜花）	","8958027	",厦门,"80.0	",提升月均体检分-生意贷-8月,0,未触犯红线,未触犯红线
"时尚花店	","8958028	",武威,"67.0	",提升月均体检分-生意贷-8月,0,未触犯红线,未触犯红线
"花友鲜花（七夕情人节，礼物，鲜花）	","8958029	",开封,"60.0	",--,261,未触犯红线,未触犯红线
"不忘初心花艺・七夕鲜花	","8958030	",金华,"81.0	",提升月均体检分-生意贷-8月,0,未触犯红线,未触犯红线
"香阁丽娜（七夕情人节，告白，生日）	","8958031	",遵义,"79.0	",提升月均体检分-生意贷-8月,0,未触犯红线,未触犯红线
"满园春色花行（七夕预定，表白，鲜花）	","8958033	",长春,"68.0	",提升月均体检分-生意贷-8月,0,未触犯红线,未触犯红线
"一心花社・礼物鲜花	","8958034	",惠州,"51.0	",--,733,未触犯红线,未触犯红线
"小燕子花艺（七夕情人节，礼物，鲜花）	","8958944	",聊城,"55.0	",--,0,未触犯红线,未触犯红线
"鲜花屋	","8959308	",娄底,"64.0	",提升月均体检分-生意贷-8月,493.9,未触犯红线,未触犯红线
"花为媒鲜花店（七夕预定，表白，鲜花）	","8959450	",泰安,"59.0	",提升月均体检分-生意贷-8月,228,未触犯红线,未触犯红线
"花样屋・七夕鲜花	","8959451	",娄底,"66.0	",提升月均体检分-生意贷-8月,1214,未触犯红线,未触犯红线
"完美花艺喜铺（七夕预定，表白，鲜花）	","8959452	",鹰潭,"65.0	",提升月均体检分-生意贷-8月,0,未触犯红线,未触犯红线
"密朗格蛋糕鲜花（七夕情人节，告白，生日）	","8963601	",大庆,"59.0	",提升月均体检分-生意贷-8月,169,未触犯红线,未触犯红线
"四季花港鲜花婚庆（七夕情人节，礼物，鲜花）	","8970947	",济宁,"70.0	",提升月均体检分-生意贷-8月,0,未触犯红线,未触犯红线
"花度花艺（七夕情人节，礼物，鲜花）	","8982838	",洛阳,"68.0	",提升月均体检分-生意贷-8月,0,未触犯红线,未触犯红线
"花点心思（七夕情人节，告白，鲜花）	","8983871	",淄博,"61.0	",提升月均体检分-生意贷-8月,0,未触犯红线,未触犯红线
"富康蛋糕店	","8983872	",淄博,"66.0	",提升月均体检分-生意贷-8月,138,未触犯红线,未触犯红线
"花度鲜花	","8983873	",乌鲁木齐,"55.0	",--,0,未触犯红线,未触犯红线
"802花店	","8983874	",濮阳,"74.0	",提升月均体检分-生意贷-8月,0,未触犯红线,未触犯红线
"熹媛（七夕情人节，告白，生日）	","8983876	",哈尔滨,"66.0	",提升月均体检分-生意贷-8月,264,未触犯红线,未触犯红线
"花管家鲜花批发	","8983877	",伊犁哈萨克自治州,"38.0	",--,176,未触犯红线,未触犯红线
"鹿角花坊（七夕情人节，告白，鲜花）	","8983878	",宜春,"73.0	",--,0,未触犯红线,未触犯红线
"绿荫花店・七夕鲜花	","8985806	",贵阳,"69.0	",提升月均体检分-生意贷-8月,0,未触犯红线,未触犯红线
"馨语鲜花（七夕预定，表白，鲜花）	","8986583	",包头,"80.0	",提升月均体检分-生意贷-8月,0,未触犯红线,未触犯红线
"如意花店（七夕情人节，告白，生日）	","8989546	",咸宁,"78.0	",提升月均体检分-生意贷-8月,0,未触犯红线,未触犯红线
"鸳鸯鲜花店（七夕情人节，礼物，鲜花）	","8989547	",哈尔滨,"78.0	",提升月均体检分-生意贷-8月,0,未触犯红线,未触犯红线
"千雅鲜花	","8989549	",株洲,"76.0	",提升月均体检分-生意贷-8月,176,未触犯红线,未触犯红线
"佰花草（七夕情人节，告白，生日）	","8989667	",云浮,"66.0	",提升月均体检分-生意贷-8月,169,未触犯红线,未触犯红线
"未晚花艺（七夕情人节，礼物，鲜花）	","9022886	",宜昌,"72.0	",提升月均体检分-生意贷-8月,0,未触犯红线,未触犯红线
"百合恋鲜花庆典	","9022887	",黑河,"63.0	",提升月均体检分-生意贷-8月,0,未触犯红线,未触犯红线
"壹花境@秘密花园（七夕预定，表白，鲜花）	","9022888	",苏州,"53.0	",提升月均体检分-生意贷-8月,534,未触犯红线,未触犯红线
"馨语花坊・七夕鲜花	","9022889	",南昌,"83.0	",提升月均体检分-生意贷-8月,0,未触犯红线,未触犯红线
"守慧花坊（七夕节日，表白，鲜花）	","9022890	",天津,"59.0	",--,0,未触犯红线,未触犯红线
"小芳鲜花	","9022891	",葫芦岛,"74.0	",提升月均体检分-生意贷-8月,0,未触犯红线,未触犯红线
"天晨花艺・七夕鲜花	","9023336	",昆明,"74.0	",提升月均体检分-生意贷-8月,0,未触犯红线,未触犯红线
"扬子花坊・七夕鲜花	","9030472	",萍乡,"66.0	",提升月均体检分-生意贷-8月,0,未触犯红线,未触犯红线
"浪漫花坊（七夕情人节，礼物，鲜花）	","9047238	",滨州,"69.0	",提升月均体检分-生意贷-8月,0,未触犯红线,未触犯红线
"花点时间（七夕节日，表白，鲜花）	","9047506	",扬州,"49.0	",--,138,未触犯红线,未触犯红线
"紫藤花坊	","9049510	",新乡,"62.0	",--,0,未触犯红线,未触犯红线
"花瓣雨・七夕鲜花	","9056788	",无锡,"77.0	",提升月均体检分-生意贷-8月,0,未触犯红线,未触犯红线
"拾间花艺	","9068700	",长沙,"54.0	",--,0,未触犯红线,未触犯红线
"花之语鲜花店	","9074918	",黑河,"86.0	",提升月均体检分-生意贷-8月,0,未触犯红线,未触犯红线
"公园鲜花店	","9074934	",聊城,"53.0	",--,138,未触犯红线,未触犯红线
"十三花艺馆	","9074936	",白银,"70.0	",提升月均体检分-生意贷-8月,829,未触犯红线,未触犯红线
"七彩鲜花花店（七夕节日，表白，鲜花）	","9075020	",濮阳,"72.0	",提升月均体检分-生意贷-8月,0,未触犯红线,未触犯红线
"二棵树花店（七夕预定，表白，鲜花）	","9075074	",永州,"79.0	",提升月均体检分-生意贷-8月,0,未触犯红线,未触犯红线
"辉辉鲜花（七夕情人节，表白，鲜花）	","9075075	",牡丹江,"53.0	",--,506,未触犯红线,未触犯红线
"向阳花卉・七夕鲜花	","9075147	",昌吉回族自治州,"69.0	",--,0,未触犯红线,未触犯红线
"爱尚花屋（七夕节日，表白，鲜花）	","9096059	",重庆,"68.0	",提升月均体检分-生意贷-8月,0,未触犯红线,未触犯红线
"馨悦花店	","9096062	",保山,"69.0	",提升月均体检分-生意贷-8月,0,未触犯红线,未触犯红线
"俪缘花店（七夕情人节，表白，鲜花）	","9096064	",滨州,"63.0	",提升月均体检分-生意贷-8月,556,未触犯红线,未触犯红线
"花栈鲜花店（七夕预定鲜花、表白、生日）	","9096605	",曲靖,"84.0	",提升月均体检分-生意贷-8月,0,未触犯红线,未触犯红线
"R证位ǖ辏ㄆ呦η槿私冢表白，鲜花）	","9098574	",哈尔滨,"47.0	",--,525,未触犯红线,未触犯红线
"二小鲜花篮（七夕情人节，表白，鲜花）	","9100492	",晋中,"55.0	",提升月均体检分-生意贷-8月,540,未触犯红线,未触犯红线
"心愿花屋（一分店）	","9100495	",怀化,"72.0	",提升月均体检分-生意贷-8月,437,未触犯红线,未触犯红线
"一家花艺（七夕节日，表白，鲜花）	","9106749	",鹤壁,"68.0	",提升月均体检分-生意贷-8月,0,未触犯红线,未触犯红线
"阳光花坊	","9107960	",盐城,"66.0	",--,0,未触犯红线,未触犯红线
"鸿恩花行（七夕节日，表白，鲜花）	","9108413	",上海,"81.0	",提升月均体检分-生意贷-8月,0,未触犯红线,未触犯红线
"创意鲜花（七夕情人节，礼物，鲜花）	","9111022	",深圳,"75.0	",提升月均体检分-生意贷-8月,0,未触犯红线,未触犯红线
"点点花语（教师节鲜花）	","9111024	",北海,"79.0	",提升月均体检分-生意贷-8月,0,未触犯红线,未触犯红线
"花花世界（七夕预定，表白，鲜花）	","9111025	",石嘴山,"54.0	",--,169,未触犯红线,未触犯红线
"世锦鲜花	","9111026	",濮阳,"49.0	",--,182,未触犯红线,未触犯红线
"花心花卉（七夕情人节，礼物，鲜花）	","9131459	",镇江,"87.0	",提升月均体检分-生意贷-8月,0,未触犯红线,未触犯红线
"悦尚鲜花（霄边大街店）	","9131461	",东莞,"68.0	",提升月均体检分-生意贷-8月,0,未触犯红线,未触犯红线
"花之洋花卉・七夕鲜花	","9131462	",黄石,"48.0	",--,528,未触犯红线,未触犯红线
"I DO鲜花・七夕鲜花	","9131463	",武汉,"82.0	",提升月均体检分-生意贷-8月,0,未触犯红线,未触犯红线
"花之恋鲜花婚庆（七夕节日，表白，鲜花）	","9132248	",保定,"78.0	",提升月均体检分-生意贷-8月,0,未触犯红线,未触犯红线
"汇芳缘花坊	","9132249	",铁岭,"59.0	",提升月均体检分-生意贷-8月,0,未触犯红线,未触犯红线
"琼瑛花坊	","9138121	",酒泉,"65.0	",--,228,未触犯红线,未触犯红线
"圣洁鲜花（七夕节日，表白，鲜花）	","9138122	",淄博,"73.0	",提升月均体检分-生意贷-8月,0,未触犯红线,未触犯红线
"雏菊花艺	","9139411	",平凉,"48.0	",--,0,未触犯红线,未触犯红线
"石楠鲜花（七夕预定，表白，鲜花）	","9139412	",长沙,"68.0	",提升月均体检分-生意贷-8月,278,未触犯红线,未触犯红线
"花亭园艺（七夕情人节，表白，鲜花）	","9139414	",衡阳,"75.0	",提升月均体检分-生意贷-8月,138,未触犯红线,未触犯红线
"灯火花舍（七夕预定，表白，鲜花）	","9139809	",赣州,"68.0	",--,0,未触犯红线,未触犯红线
"有间花店（七夕情人节，礼物，鲜花）	","9159613	",重庆,"84.0	",提升月均体检分-生意贷-8月,0,未触犯红线,未触犯红线
"花坞鲜花绿植店	","9217388	",北京,"59.0	",提升月均体检分-生意贷-8月,504,未触犯红线,未触犯红线
"牵手鲜花店（七夕情人节，礼物，鲜花）	","9217390	",呼和浩特,"69.0	",提升月均体检分-生意贷-8月,0,未触犯红线,未触犯红线
"茗馨花坊（七夕情人节，告白，鲜花）	","9217391	",苏州,"69.0	",提升月均体检分-生意贷-8月,0,未触犯红线,未触犯红线
"维维花坊	","9217392	",佳木斯,"56.0	",提升月均体检分-生意贷-8月,0,未触犯红线,未触犯红线
"爱恋婚庆花艺	","9217393	",孝感,"68.0	",提升月均体检分-生意贷-8月,0,未触犯红线,未触犯红线
"花店	","9217394	",深圳,"50.0	",提升月均体检分-生意贷-8月,616,未触犯红线,未触犯红线
"花生活鲜花（婚礼策划）	","9217395	",唐山,"57.0	",提升月均体检分-生意贷-8月,0,未触犯红线,未触犯红线
"花时尚	","9217427	",宿州,"73.0	",提升月均体检分-生意贷-8月,0,未触犯红线,未触犯红线
"情之源花艺（七夕情人节，告白，生日）	","9220398	",南阳,"69.0	",提升月均体检分-生意贷-8月,0,未触犯红线,未触犯红线
"有间花坊（七夕情人节，表白，鲜花）	","9221114	",玉溪,"80.0	",提升月均体检分-生意贷-8月,0,未触犯红线,未触犯红线
"明明鲜花店（七夕情人节，礼物，鲜花）	","9221143	",绥化,"62.0	",提升月均体检分-生意贷-8月,0,未触犯红线,未触犯红线
"香百合鲜花（七夕节日，表白，鲜花）	","9221144	",聊城,"57.0	",--,0,未触犯红线,未触犯红线
"卧龙鲜花坊（车站南路店）	","9221145	",南阳,"65.0	",提升月均体检分-生意贷-8月,0,未触犯红线,未触犯红线
"怡芬花店	","9221147	",深圳,"79.0	",提升月均体检分-生意贷-8月,0,未触犯红线,未触犯红线
"楼兰花卉生活馆（新城店）	","9221356	",吐鲁番,"71.0	",提升月均体检分-生意贷-8月,0,未触犯红线,未触犯红线
"四叶草鲜花店	","9221395	",北京,"79.0	",提升月均体检分-生意贷-8月,0,未触犯红线,未触犯红线
"悦尚鲜花（建设路店）	","9221396	",东莞,"62.0	",提升月均体检分-生意贷-8月,0,未触犯红线,未触犯红线
"一间鲜花店（七夕情人节，表白，鲜花）	","9224328	",洛阳,"66.0	",提升月均体检分-生意贷-8月,0,未触犯红线,未触犯红线
"院子花艺（毕节老车站分店）	","9224608	",毕节,"63.0	",提升月均体检分-生意贷-8月,0,未触犯红线,未触犯红线
"同城花艺（七夕情人节，告白，生日）	","9228345	",遵义,"64.0	",提升月均体检分-生意贷-8月,594,未触犯红线,未触犯红线
"那朵花儿・七夕鲜花	","9228346	",吕梁,"74.0	",提升月均体检分-生意贷-8月,0,未触犯红线,未触犯红线
"花之舞花艺	","9228402	",太原,"45.0	",--,176,未触犯红线,未触犯红线
"悠悠花坊	","9228404	",泰州,"55.0	",提升月均体检分-生意贷-8月,138,未触犯红线,未触犯红线
"夜来香鲜花（七夕节日，表白，鲜花）	","9228406	",北京,"75.0	",提升月均体检分-生意贷-8月,0,未触犯红线,未触犯红线
"仙丽鲜花	","9228671	",北京,"54.0	",--,0,未触犯红线,未触犯红线
"花拾间	","9228737	",淮南,"70.0	",提升月均体检分-生意贷-8月,0,未触犯红线,未触犯红线
"花铺	","9228743	",邵阳,"46.0	",提升月均体检分-生意贷-8月,352,未触犯红线,未触犯红线
"花园鲜花（七夕预定，表白，鲜花）	","9230084	",泰州,"61.0	",提升月均体检分-生意贷-8月,0,未触犯红线,未触犯红线
"娅娅花艺（七夕节日，表白，鲜花）	","9230086	",重庆,"62.0	",提升月均体检分-生意贷-8月,1366,未触犯红线,未触犯红线
"花花世界鲜花坊（七夕情人节，礼物，鲜花）	","9230140	",安庆,"72.0	",提升月均体检分-生意贷-8月,0,未触犯红线,未触犯红线
"情之缘鲜花超市	","9230141	",青岛,"78.0	",提升月均体检分-生意贷-8月,0,未触犯红线,未触犯红线
"皇的花园（七夕节日，表白，鲜花）	","9231498	",恩施土家族苗族自治州,"75.0	",提升月均体检分-生意贷-8月,0,未触犯红线,未触犯红线
"鑫缘花店（七夕预定，表白，鲜花）	","9250522	",镇江,"83.0	",提升月均体检分-生意贷-8月,0,未触犯红线,未触犯红线
"花香约	","9257822	",乌鲁木齐,"59.0	",--,0,未触犯红线,未触犯红线
"小雨点花屋.教师节鲜花	","9257823	",襄阳,"74.0	",提升月均体检分-生意贷-8月,0,未触犯红线,未触犯红线
"爱吧鲜花店	","9267505	",泰州,"76.0	",提升月均体检分-生意贷-8月,0,未触犯红线,未触犯红线
"槿妍花舍	","9267506	",邵阳,"48.0	",--,228,未触犯红线,未触犯红线
"浪漫花屋	","9267507	",呼伦贝尔,"73.0	",提升月均体检分-生意贷-8月,0,未触犯红线,未触犯红线
"福俊王花艺	","9267508	",南阳,"56.0	",--,0,未触犯红线,未触犯红线
"有家花店	","9267509	",乌鲁木齐,"55.0	",--,0,未触犯红线,未触犯红线
"苏悦鲜花店（七夕情人节，礼物，鲜花）	","9267510	",大庆,"62.0	",提升月均体检分-生意贷-8月,0,未触犯红线,未触犯红线
"花儿朵朵	","9267511	",南阳,"76.0	",提升月均体检分-生意贷-8月,0,未触犯红线,未触犯红线
"锦相苑花卉	","9267541	",丽水,"71.0	",提升月均体检分-生意贷-8月,0,未触犯红线,未触犯红线
"觅花者（七夕预定，表白，鲜花）	","9268475	",宜昌,"81.0	",提升月均体检分-生意贷-8月,0,未触犯红线,未触犯红线
"伊人婚庆（七夕情人节，告白，生日）	","9268477	",武汉,"74.0	",提升月均体检分-生意贷-8月,0,未触犯红线,未触犯红线
"花甜蜜（花生活鲜花店）	","9268478	",佳木斯,"65.0	",提升月均体检分-生意贷-8月,0,未触犯红线,未触犯红线
"尚典花艺（七夕情人节，表白，鲜花）	","9271168	",杭州,"69.0	",提升月均体检分-生意贷-8月,0,未触犯红线,未触犯红线
"花生活鲜花（菲菲花坊）	","9271170	",上海,"80.0	",提升月均体检分-生意贷-8月,0,未触犯红线,未触犯红线
"墨香阁花饰礼仪（七夕节日，表白，鲜花）	","9271171	",苏州,"61.0	",--,0,未触犯红线,未触犯红线
"中菲鲜花・七夕鲜花	","9271466	",潍坊,"75.0	",提升月均体检分-生意贷-8月,0,未触犯红线,未触犯红线
"韦爵爷生活花艺馆（七夕节日，表白，鲜花）	","9272478	",青岛,"75.0	",提升月均体检分-生意贷-8月,0,未触犯红线,未触犯红线
"花生活鲜花（凯悦花卉顺义店）	","9272664	",北京,"82.0	",提升月均体检分-生意贷-8月,0,未触犯红线,未触犯红线
"好心情花艺（七夕情人节，礼物，鲜花）	","9287578	",宁德,"82.0	",提升月均体检分-生意贷-8月,0,未触犯红线,未触犯红线
"迷你鲜花店	","9287579	",青岛,"64.0	",提升月均体检分-生意贷-8月,0,未触犯红线,未触犯红线
"缘来	","9287581	",孝感,"71.0	",提升月均体检分-生意贷-8月,0,未触犯红线,未触犯红线
"鸟语花香花艺馆（七夕情人节，告白，生日）	","9287583	",南昌,"63.0	",--,0,未触犯红线,未触犯红线
"大象园艺（七夕情人节，告白，鲜花）	","9287646	",阜阳,"84.0	",提升月均体检分-生意贷-8月,0,未触犯红线,未触犯红线
"云朵鲜花（重庆路店、礼物鲜花）	","9288056	",锦州,"59.0	",--,0,未触犯红线,未触犯红线
"有道设计花艺（花生活鲜花店）	","9288059	",石家庄,"55.0	",--,0,未触犯红线,未触犯红线
"思之恋花坊	","9288061	",六盘水,"61.0	",提升月均体检分-生意贷-8月,0,未触犯红线,未触犯红线
"迷雾花园高端婚礼花艺私人定制（七夕情人节，礼物，鲜花）	","9288062	",合肥,"71.0	",--,0,未触犯红线,未触犯红线
"华鹏花卉鲜花（道城路店）	","9288063	",安阳,"69.0	",提升月均体检分-生意贷-8月,0,未触犯红线,未触犯红线
"爱尚花艺鲜花（银座店）	","9288064	",东营,"70.0	",提升月均体检分-生意贷-8月,228,未触犯红线,未触犯红线
"花漾年华（文化街店）	","9288065	",哈尔滨,"66.0	",提升月均体检分-生意贷-8月,0,未触犯红线,未触犯红线
"安琪花店（七夕情人节，礼物，鲜花）	","9288151	",苏州,"67.0	",提升月均体检分-生意贷-8月,0,未触犯红线,未触犯红线
"有你知花（教师节花礼）	","9288206	",福州,"70.0	",提升月均体检分-生意贷-8月,0,未触犯红线,未触犯红线
"时尚花艺（七夕情人节，告白，生日）	","9288508	",合肥,"61.0	",--,0,未触犯红线,未触犯红线
"红果心悦花艺（七夕情人节，礼物，鲜花）	","9291611	",六盘水,"67.0	",提升月均体检分-生意贷-8月,1015,未触犯红线,未触犯红线
"鲜花（解放北路店）	","9298120	",徐州,"81.0	",提升月均体检分-生意贷-8月,0,未触犯红线,未触犯红线
"亮亮鲜花婚庆・七夕鲜花	","9302112	",湘潭,"72.0	",--,0,未触犯红线,未触犯红线
"花艺生活馆（七夕节日，表白，鲜花）	","9310275	",衡水,"63.0	",提升月均体检分-生意贷-8月,0,未触犯红线,未触犯红线
"花兮花店	","9318309	",驻马店,"64.0	",提升月均体检分-生意贷-8月,0,未触犯红线,未触犯红线
"红玫花坊（七夕情人节，礼物，鲜花）	","9343729	",荆州,"77.0	",提升月均体检分-生意贷-8月,0,未触犯红线,未触犯红线
"花悦鲜花店・七夕鲜花	","9346976	",昆明,"82.0	",提升月均体检分-生意贷-8月,0,未触犯红线,未触犯红线
"鲜花坊・七夕鲜花	","9346978	",泉州,"53.0	",--,278,未触犯红线,未触犯红线
"有家花店（七夕节日，表白，鲜花）	","9346979	",齐齐哈尔,"51.0	",--,0,未触犯红线,未触犯红线
"忆花时间（教师节鲜花，向日葵，鲜花）	","9346982	",长春,"80.0	",提升月均体检分-生意贷-8月,0,未触犯红线,未触犯红线
"爱菲尔鲜花蛋糕店（七夕情人节，告白，生日）	","9346983	",长春,"59.0	",提升月均体检分-生意贷-8月,0,未触犯红线,未触犯红线
"爱琴海（七夕情人节，表白，鲜花）	","9346984	",长春,"66.0	",提升月均体检分-生意贷-8月,0,未触犯红线,未触犯红线
"温馨花艺（七夕情人节，礼物，鲜花）	","9346985	",洛阳,"56.0	",提升月均体检分-生意贷-8月,0,未触犯红线,未触犯红线
"那一朵花坊・七夕鲜花	","9346986	",许昌,"59.0	",--,0,未触犯红线,未触犯红线
"花溪畔花艺生活馆	","9346988	",宜春,"68.0	",提升月均体检分-生意贷-8月,0,未触犯红线,未触犯红线
"蓝飞雁花艺吧（七夕情人节，告白，鲜花）	","9347419	",重庆,"61.0	",--,0,未触犯红线,未触犯红线
"鲜花工作室（七夕情人节，礼物，鲜花）	","9347479	",大连,"65.0	",--,0,未触犯红线,未触犯红线
"萱萱花都婚庆	","9348645	",泰州,"74.0	",提升月均体检分-生意贷-8月,0,未触犯红线,未触犯红线
"欣悦花坊（七夕情人节，礼物，鲜花）	","9348647	",长春,"79.0	",提升月均体检分-生意贷-8月,0,未触犯红线,未触犯红线
"爱尚花艺生活馆（七夕预定，表白，鲜花）	","9356229	",通化,"47.0	",--,366,未触犯红线,未触犯红线
"陌上花开	","9356230	",遵义,"65.0	",提升月均体检分-生意贷-8月,0,未触犯红线,未触犯红线
"花花小姐（七夕情人节，表白，鲜花）	","9363285	",百色,"56.0	",提升月均体检分-生意贷-8月,264,未触犯红线,未触犯红线
"一生之爱鲜花店・礼物鲜花	","9370361	",大同,"61.0	",--,0,未触犯红线,未触犯红线
"满天星花卉・七夕鲜花	","9372605	",昆明,"78.0	",提升月均体检分-生意贷-8月,0,未触犯红线,未触犯红线
"百合花艺（七夕情人节，表白，鲜花）	","9387015	",菏泽,"66.0	",提升月均体检分-生意贷-8月,0,未触犯红线,未触犯红线
"花生活・_m时尚花艺	","9387017	",景德镇,"57.0	",提升月均体检分-生意贷-8月,158,未触犯红线,未触犯红线
"蔷薇花艺坊（七夕情人节，告白，生日）	","9388448	",三门峡,"78.0	",提升月均体检分-生意贷-8月,0,未触犯红线,未触犯红线
"花生活鲜花（寻花集花艺）	","9389059	",合肥,"79.0	",提升月均体检分-生意贷-8月,0,未触犯红线,未触犯红线
"Too兔花艺（七夕节日，表白，鲜花）	","9393698	",九江,"67.0	",提升月均体检分-生意贷-8月,0,未触犯红线,未触犯红线
"敏盈花店（七夕情人节，告白，生日）	","9393830	",毕节,"76.0	",提升月均体检分-生意贷-8月,278,未触犯红线,未触犯红线
"梦想花园（七夕预定，表白，鲜花）	","9393930	",厦门,"84.0	",提升月均体检分-生意贷-8月,0,未触犯红线,未触犯红线
"花开娜时花卉・七夕鲜花	","9393931	",中山,"70.0	",提升月均体检分-生意贷-8月,0,未触犯红线,未触犯红线
"心语鲜花	","9393932	",运城,"75.0	",提升月均体检分-生意贷-8月,0,未触犯红线,未触犯红线
"田原花店（七夕情人节，表白，鲜花）	","9393934	",盐城,"85.0	",提升月均体检分-生意贷-8月,0,未触犯红线,未触犯红线
"花无缺鲜花绿植	","9393935	",永州,"66.0	",提升月均体检分-生意贷-8月,0,未触犯红线,未触犯红线
"挚爱一生（七夕情人节，告白，鲜花）	","9393936	",哈尔滨,"72.0	",提升月均体检分-生意贷-8月,0,未触犯红线,未触犯红线
"花店（七夕情人节，礼物，鲜花）	","9393938	",邵阳,"69.0	",提升月均体检分-生意贷-8月,0,未触犯红线,未触犯红线
"锦喜汇2花艺婚庆	","9393939	",合肥,"74.0	",提升月均体检分-生意贷-8月,0,未触犯红线,未触犯红线
"花之薏花店（七夕情人节，告白，生日）	","9394178	",常德,"64.0	",提升月均体检分-生意贷-8月,0,未触犯红线,未触犯红线
"花千树花艺（七夕情人节，告白，生日）	","9394180	",聊城,"61.0	",--,0,未触犯红线,未触犯红线
"花之屋（七夕情人节，告白，生日）	","9394557	",南阳,"64.0	",提升月均体检分-生意贷-8月,428,未触犯红线,未触犯红线
"拾光花艺（七夕节日，表白，鲜花）	","9394617	",洛阳,"79.0	",提升月均体检分-生意贷-8月,0,未触犯红线,未触犯红线
"兰亭花屿	","9394618	",上海,"60.0	",提升月均体检分-生意贷-8月,1358,未触犯红线,未触犯红线
"花生活鲜花（鑫缘花店）	","9394619	",苏州,"65.0	",提升月均体检分-生意贷-8月,0,未触犯红线,未触犯红线
"新光鲜花批发（七夕节日，表白，鲜花）	","9398933	",太原,"82.0	",提升月均体检分-生意贷-8月,0,未触犯红线,未触犯红线
"花生活鲜花（花样年华）	","9409927	",哈尔滨,"77.0	",提升月均体检分-生意贷-8月,0,未触犯红线,未触犯红线
"花坞鲜花绿植店	","9412648	",北京,"72.0	",提升月均体检分-生意贷-8月,0,未触犯红线,未触犯红线
"瑞瑞鲜花坊（七夕情人节，告白，生日）	","9412649	",驻马店,"74.0	",提升月均体检分-生意贷-8月,0,未触犯红线,未触犯红线
"花之蜜语花艺（七夕节日，表白，鲜花）	","9412651	",佛山,"69.0	",提升月均体检分-生意贷-8月,0,未触犯红线,未触犯红线
"时简鲜花店・七夕鲜花	","9412870	",吴忠,"47.0	",提升月均体检分-生意贷-8月,194,未触犯红线,未触犯红线
"花生活鲜花（阳光花坊鲜花店）	","9413713	",晋中,"55.0	",提升月均体检分-生意贷-8月,176,未触犯红线,未触犯红线
"花匠・七夕鲜花	","9414380	",贵港,"62.0	",提升月均体检分-生意贷-8月,975,未触犯红线,未触犯红线
"8号花舍鲜花（七夕情人节，告白，生日）	","9415134	",佛山,"83.0	",提升月均体检分-生意贷-8月,0,未触犯红线,未触犯红线
"鲜花婚庆复印	","9415135	",永州,"60.0	",提升月均体检分-生意贷-8月,278,未触犯红线,未触犯红线
"花样屋・七夕鲜花	","9415136	",菏泽,"66.0	",提升月均体检分-生意贷-8月,0,未触犯红线,未触犯红线
"幸福来鲜花婚庆（七夕情人节，告白，鲜花）	","9415189	",吉林,"61.0	",--,0,未触犯红线,未触犯红线
"德国花店（七夕情人节，表白，鲜花）	","9415190	",盐城,"63.0	",提升月均体检分-生意贷-8月,0,未触犯红线,未触犯红线
"世纪缘鲜花店（告白鲜花）	","9415227	",聊城,"62.0	",提升月均体检分-生意贷-8月,278,未触犯红线,未触犯红线
"情之缘花店（七夕情人节，告白，生日）	","9415374	",江门,"70.0	",提升月均体检分-生意贷-8月,138,未触犯红线,未触犯红线
"远尚花卉（七夕情人节，表白，鲜花）	","9415375	",上海,"79.0	",提升月均体检分-生意贷-8月,0,未触犯红线,未触犯红线
"百花源・七夕鲜花	","9415524	",温州,"71.0	",提升月均体检分-生意贷-8月,0,未触犯红线,未触犯红线
"君子兰花艺（七夕预定，表白，鲜花）	","9418486	",福州,"63.0	",提升月均体检分-生意贷-8月,0,未触犯红线,未触犯红线
"遇见你花艺	","9421703	",泰州,"60.0	",提升月均体检分-生意贷-8月,218,未触犯红线,未触犯红线
"蝶之恋花坊（七夕情人节，礼物，鲜花）	","9426611	",乐山,"75.0	",提升月均体检分-生意贷-8月,0,未触犯红线,未触犯红线
"博艺坊・七夕鲜花	","9426612	",郑州,"51.0	",提升月均体检分-生意贷-8月,278,未触犯红线,未触犯红线
"巧遇・七夕鲜花	","9426613	",贵阳,"71.0	",提升月均体检分-生意贷-8月,0,未触犯红线,未触犯红线
"春天鲜花（七夕情人节，礼物，鲜花）	","9426694	",营口,"64.0	",提升月均体检分-生意贷-8月,792,未触犯红线,未触犯红线
"家美花卉水族馆・七夕鲜花	","9434509	",抚州,"80.0	",提升月均体检分-生意贷-8月,0,未触犯红线,未触犯红线
"馨缘花店	","9436622	",宁波,"59.0	",--,0,未触犯红线,未触犯红线
"花意浓・七夕鲜花	","9437456	",绵阳,"65.0	",提升月均体检分-生意贷-8月,1331,未触犯红线,未触犯红线
"花田舍（七夕预定，表白，鲜花）	","9448370	",庆阳,"74.0	",提升月均体检分-生意贷-8月,0,未触犯红线,未触犯红线
"时光?花里鲜花店	","9448534	",吴忠,"77.0	",提升月均体检分-生意贷-8月,0,未触犯红线,未触犯红线
"友琦鲜花店	","9456530	",广州,"51.0	",提升月均体检分-生意贷-8月,265,未触犯红线,未触犯红线
"花乡・七夕鲜花	","9465243	",临汾,"62.0	",提升月均体检分-生意贷-8月,298,未触犯红线,未触犯红线
"爱尚花艺鲜花	","9466729	",黄石,"69.0	",提升月均体检分-生意贷-8月,1023,未触犯红线,未触犯红线
"花里花礼・七夕鲜花	","9466732	",绵阳,"70.0	",提升月均体检分-生意贷-8月,0,未触犯红线,未触犯红线
"应姐鲜花店（教师节花）	","9466734	",三明,"72.0	",提升月均体检分-生意贷-8月,188,未触犯红线,未触犯红线
"百花谷鲜花店	","9466735	",北京,"59.0	",提升月均体检分-生意贷-8月,0,未触犯红线,未触犯红线
"梦缘鲜花店・七夕鲜花	","9466736	",漯河,"77.0	",提升月均体检分-生意贷-8月,0,未触犯红线,未触犯红线
"花言草语・	","9466737	",新乡,"81.0	",提升月均体检分-生意贷-8月,272,未触犯红线,未触犯红线
"花堡・教师节鲜花	","9469052	",萍乡,"70.0	",提升月均体检分-生意贷-8月,0,未触犯红线,未触犯红线
"千色花艺（七夕情人节，礼物，鲜花）	","9470898	",南通,"58.0	",提升月均体检分-生意贷-8月,402,未触犯红线,未触犯红线
"160花艺（七夕预定，表白，鲜花）	","9472367	",重庆,"71.0	",提升月均体检分-生意贷-8月,0,未触犯红线,未触犯红线
"忘不了花店	","9474014	",上饶,"83.0	",提升月均体检分-生意贷-8月,0,未触犯红线,未触犯红线
"时空花盟花艺馆・七夕鲜花	","9475394	",固原,"65.0	",提升月均体检分-生意贷-8月,0,未触犯红线,未触犯红线
"运通花艺（七夕情人节，告白，生日）	","9475395	",石家庄,"55.0	",提升月均体检分-生意贷-8月,176,未触犯红线,未触犯红线
"小敏花坊	","9475397	",贵阳,"64.0	",提升月均体检分-生意贷-8月,0,未触犯红线,未触犯红线
"今朝有约（七夕预定，表白，鲜花）	","9477388	",石家庄,"62.0	",提升月均体检分-生意贷-8月,0,未触犯红线,未触犯红线
"花房鲜花（七夕情人节，告白，生日）	","9480894	",遂宁,"59.0	",提升月均体检分-生意贷-8月,0,未触犯红线,未触犯红线
"花漾年华鲜花店	","9480898	",潍坊,"60.0	",提升月均体检分-生意贷-8月,0,未触犯红线,未触犯红线
"鑫苑花坊・七夕鲜花	","9485288	",雅安,"76.0	",提升月均体检分-生意贷-8月,0,未触犯红线,未触犯红线
"想念花屋	","9485670	",盐城,"55.0	",提升月均体检分-生意贷-8月,0,未触犯红线,未触犯红线
"金娃娃鲜花（七夕情人节，礼物，鲜花）	","9486500	",巴彦淖尔,"69.0	",提升月均体检分-生意贷-8月,1858,未触犯红线,未触犯红线
"琦彩鲜花店（七夕情人节，告白，鲜花）	","9490932	",商丘,"84.0	",提升月均体检分-生意贷-8月,0,未触犯红线,未触犯红线
"鼎胜花艺设计	","9490933	",商丘,"60.0	",提升月均体检分-生意贷-8月,348,未触犯红线,未触犯红线
"田歆花艺馆・七夕鲜花	","9490934	",泉州,"61.0	",提升月均体检分-生意贷-8月,0,未触犯红线,未触犯红线
"茗蔓花艺（七夕情人节，告白，鲜花）	","9490941	",阳江,"72.0	",提升月均体检分-生意贷-8月,0,未触犯红线,未触犯红线
"beriscouture（七夕预定，表白，鲜花）	","9490944	",杭州,"80.0	",提升月均体检分-生意贷-8月,0,未触犯红线,未触犯红线
"初心花坊・七夕鲜花	","9490946	",潍坊,"81.0	",提升月均体检分-生意贷-8月,0,未触犯红线,未触犯红线
"No.1花艺美学馆	","9494098	",安庆,"75.0	",提升月均体检分-生意贷-8月,0,未触犯红线,未触犯红线
"幸福驿站鲜花（七夕情人节，告白，鲜花）	","9500719	",南阳,"84.0	",提升月均体检分-生意贷-8月,0,未触犯红线,未触犯红线
"吉祥花店（七夕预定，表白，鲜花）	","9517329	",深圳,"64.0	",提升月均体检分-生意贷-8月,0,未触犯红线,未触犯红线
"鲜花主题创意坊（七夕情人节，礼物，鲜花）	","9517330	",北京,"68.0	",提升月均体检分-生意贷-8月,0,未触犯红线,未触犯红线
"花无缺鲜花（七夕情人节，礼物，鲜花）	","9517418	",商洛,"78.0	",提升月均体检分-生意贷-8月,0,未触犯红线,未触犯红线
"三角形花艺（蓝色港湾店）	","9524463	",呼和浩特,"53.0	",提升月均体检分-生意贷-8月,922,未触犯红线,未触犯红线
"百花心事花店	","9524465	",韶关,"83.0	",提升月均体检分-生意贷-8月,0,未触犯红线,未触犯红线
"海岱鲜花店・七夕鲜花	","9524632	",潍坊,"60.0	",--,0,未触犯红线,未触犯红线
"含笑花坊	","9529961	",晋城,"69.0	",提升月均体检分-生意贷-8月,0,未触犯红线,未触犯红线
"春拾花稀て呦ο驶	","9529967	",新余,"67.0	",提升月均体检分-生意贷-8月,0,未触犯红线,未触犯红线
"美尚美鲜花	","9529969	",乌鲁木齐,"52.0	",提升月均体检分-生意贷-8月,176,未触犯红线,未触犯红线
"碧玉鲜花店（七夕预定，表白，鲜花）	","9529970	",保定,"72.0	",提升月均体检分-生意贷-8月,0,未触犯红线,未触犯红线
"满天星鲜花・七夕鲜花	","9529971	",潍坊,"57.0	",提升月均体检分-生意贷-8月,528,未触犯红线,未触犯红线
"馨语鲜花店（七夕节日，表白，鲜花）	","9530565	",烟台,"85.0	",提升月均体检分-生意贷-8月,264,未触犯红线,未触犯红线
"华艺鲜花（七夕情人节，告白，鲜花）	","9531956	",广安,"64.0	",提升月均体检分-生意贷-8月,0,未触犯红线,未触犯红线
"梁氏花艺（七夕情人节，礼物，鲜花）	","9531957	",抚州,"80.0	",提升月均体检分-生意贷-8月,0,未触犯红线,未触犯红线
"佳缘花艺（鲜花，绿植，生日，表白）	","9531959	",无锡,"80.0	",提升月均体检分-生意贷-8月,0,未触犯红线,未触犯红线
"一家花店・七夕鲜花	","9531960	",徐州,"82.0	",提升月均体检分-生意贷-8月,0,未触犯红线,未触犯红线
"花好月圆（七夕情人节，告白，鲜花）	","9534946	",上海,"70.0	",提升月均体检分-生意贷-8月,0,未触犯红线,未触犯红线
"花市花乡（七夕情人节，表白，鲜花）	","9536748	",重庆,"53.0	",提升月均体检分-生意贷-8月,616,未触犯红线,未触犯红线
"丽人鲜花婚庆（七夕预定，表白，鲜花）	","9547684	",唐山,"62.0	",提升月均体检分-生意贷-8月,0,未触犯红线,未触犯红线
"花颜花艺・教师节鲜花	","9548187	",桂林,"63.0	",提升月均体检分-生意贷-8月,69,未触犯红线,未触犯红线
"百合缘花艺・七夕鲜花	","9548188	",驻马店,"69.0	",提升月均体检分-生意贷-8月,0,未触犯红线,未触犯红线
"真爱花艺（七夕节日，表白，鲜花）	","9548189	",重庆,"58.0	",--,0,未触犯红线,未触犯红线
"花颜草语花坊	","9548190	",呼和浩特,"55.0	",--,0,未触犯红线,未触犯红线
"芳华花艺（七夕情人节，礼物，鲜花）	","9553653	",郴州,"79.0	",提升月均体检分-生意贷-8月,0,未触犯红线,未触犯红线
"丘比特鲜花	","9553728	",通化,"54.0	",--,307,未触犯红线,未触犯红线
"俪缘鲜花生活馆（七夕预定，表白，鲜花）	","9553744	",临沂,"77.0	",提升月均体检分-生意贷-8月,0,未触犯红线,未触犯红线
"鑫源鲜花店・七夕鲜花	","9553866	",昆明,"74.0	",提升月均体检分-生意贷-8月,0,未触犯红线,未触犯红线
"温馨鲜花店	","9561202	",鞍山,"78.0	",提升月均体检分-生意贷-8月,0,未触犯红线,未触犯红线
"花生活鲜花（红绿蓝鲜花）	","9566662	",开封,"57.0	",提升月均体检分-生意贷-8月,178,未触犯红线,未触犯红线
"小仙女花艺・七夕鲜花	","9566664	",平凉,"78.0	",提升月均体检分-生意贷-8月,0,未触犯红线,未触犯红线
"幸福花艺婚庆店・七夕鲜花	","9566665	",黔西南布依族苗族自治州,"63.0	",提升月均体检分-生意贷-8月,0,未触犯红线,未触犯红线
"瑾萱花艺	","9566666	",洛阳,"62.0	",提升月均体检分-生意贷-8月,0,未触犯红线,未触犯红线
"花花花鲜花店・七夕鲜花	","9566668	",南充,"75.0	",提升月均体检分-生意贷-8月,0,未触犯红线,未触犯红线
"朝花夕拾・七夕鲜花	","9566669	",伊犁哈萨克自治州,"68.0	",提升月均体检分-生意贷-8月,0,未触犯红线,未触犯红线
"红苑鲜花庆典（七夕预定，表白，鲜花）	","9566670	",唐山,"50.0	",--,228,未触犯红线,未触犯红线
"倾城花艺（七夕预定，表白，鲜花）	","9566671	",信阳,"71.0	",提升月均体检分-生意贷-8月,0,未触犯红线,未触犯红线
"花好月圆・七夕鲜花	","9567829	",西安,"81.0	",提升月均体检分-生意贷-8月,0,未触犯红线,未触犯红线
"喜＋喜花艺（七夕情人节，告白，鲜花）	","9577701	",周口,"71.0	",提升月均体检分-生意贷-8月,48.9,未触犯红线,未触犯红线
"众丽花店（七夕情人节，礼物，鲜花）	","9578992	",韶关,"64.0	",提升月均体检分-生意贷-8月,176,未触犯红线,未触犯红线
"好日子花艺（七夕情人节，礼物，鲜花）	","9578994	",凉山彝族自治州,"76.0	",提升月均体检分-生意贷-8月,0,未触犯红线,未触犯红线
"制谈叨讼驶ㄆ球party（七夕预定，表白，鲜花）	","9579820	",唐山,"70.0	",提升月均体检分-生意贷-8月,0,未触犯红线,未触犯红线
"百花园・七夕鲜花	","9580543	",周口,"77.0	",提升月均体检分-生意贷-8月,0,未触犯红线,未触犯红线
"花伴鲜花	","9580569	",长治市,"75.0	",提升月均体检分-生意贷-8月,0,未触犯红线,未触犯红线
"幸福花艺（七夕情人节，告白，生日）	","9582261	",遵义,"78.0	",提升月均体检分-生意贷-8月,0,未触犯红线,未触犯红线
"那一朵花店（七夕情人节，告白，生日）	","9586794	",北京,"75.0	",提升月均体检分-生意贷-8月,0,未触犯红线,未触犯红线
"名花有主	","9586796	",和田地区,"73.0	",--,0,未触犯红线,未触犯红线
"FLOWER涤颉て呦ο驶	","9586798	",北京,"57.0	",--,0,未触犯红线,未触犯红线
"有间花店（向日葵・康乃馨）	","9586799	",苏州,"68.0	",提升月均体检分-生意贷-8月,1484,未触犯红线,未触犯红线
"溢清园花卉・七夕鲜花	","9586801	",周口,"81.0	",提升月均体检分-生意贷-8月,0,未触犯红线,未触犯红线
"喜盈盈	","9586803	",运城,"60.0	",提升月均体检分-生意贷-8月,0,未触犯红线,未触犯红线
"幸福满屋花艺・七夕鲜花	","9586880	",无锡,"66.0	",提升月均体检分-生意贷-8月,0,未触犯红线,未触犯红线
"留心花缘鲜花	","9587011	",泰州,"58.0	",提升月均体检分-生意贷-8月,0,未触犯红线,未触犯红线
"告白花艺	","9593166	",克拉玛依,"62.0	",提升月均体检分-生意贷-8月,0,未触犯红线,未触犯红线
"世纪花缘	","9593717	",九江,"60.0	",提升月均体检分-生意贷-8月,404,未触犯红线,未触犯红线
"沁园春（七夕预定，表白，鲜花）	","9599501	",宜宾,"52.0	",提升月均体检分-生意贷-8月,845,未触犯红线,未触犯红线
"花落谁家（七夕情人节，礼物，鲜花）	","9599503	",天津,"63.0	",提升月均体检分-生意贷-8月,0,未触犯红线,未触犯红线
"千寻花道生活馆（七夕情人节，告白，生日）	","9599505	",张家口,"60.0	",提升月均体检分-生意贷-8月,0,未触犯红线,未触犯红线
"卡斯曼花艺蛋糕（七夕情人节，礼物，鲜花）	","9599507	",益阳,"68.0	",提升月均体检分-生意贷-8月,0,未触犯红线,未触犯红线
"时尚鲜花・七夕鲜花	","9599508	",西安,"68.0	",提升月均体检分-生意贷-8月,0,未触犯红线,未触犯红线
"木上・花（七夕节日，表白，鲜花）	","9599509	",长春,"71.0	",提升月均体检分-生意贷-8月,0,未触犯红线,未触犯红线
"时光花里（七夕情人节，礼物，鲜花）	","9599510	",广州,"70.0	",提升月均体检分-生意贷-8月,0,未触犯红线,未触犯红线
"成昊花木（七夕预定，表白，鲜花）	","9599512	",保定,"49.0	",--,0,未触犯红线,未触犯红线
"花语堂花店（七夕情人节，告白，鲜花）	","9602239	",三亚,"59.0	",提升月均体检分-生意贷-8月,0,未触犯红线,未触犯红线
"时光花里	","9608756	",衡阳,"67.0	",提升月均体检分-生意贷-8月,0,未触犯红线,未触犯红线
"妙语花香・七夕鲜花	","9608759	",承德,"78.0	",提升月均体检分-生意贷-8月,0,未触犯红线,未触犯红线
"浪漫花苑（七夕预定，表白，鲜花）	","9608760	",唐山,"62.0	",提升月均体检分-生意贷-8月,0,未触犯红线,未触犯红线
"花伴FLOWER・七夕鲜花	","9608762	",石家庄,"66.0	",提升月均体检分-生意贷-8月,0,未触犯红线,未触犯红线
"花开相爱（七夕情人节，表白，鲜花）	","9608763	",天津,"67.0	",提升月均体检分-生意贷-8月,0,未触犯红线,未触犯红线
"花阁・七夕鲜花	","9608764	",亳州,"79.0	",提升月均体检分-生意贷-8月,0,未触犯红线,未触犯红线
"栋梁花卉・七夕鲜花	","9608765	",汉中,"73.0	",提升月均体检分-生意贷-8月,0,未触犯红线,未触犯红线
"真爱婚庆花艺・七夕鲜花	","9608766	",蚌埠,"52.0	",--,542,未触犯红线,未触犯红线
"婷雅花坊（七夕情人节，告白，鲜花）	","9608768	",龙岩,"63.0	",提升月均体检分-生意贷-8月,0,未触犯红线,未触犯红线
"花轻悦鲜花店	","9608866	",保定,"66.0	",提升月均体检分-生意贷-8月,497,未触犯红线,未触犯红线
"兴燕鲜花批发（七夕情人节，告白，生日）	","9608868	",承德,"65.0	",提升月均体检分-生意贷-8月,0,未触犯红线,未触犯红线
"海霞花艺	","9608869	",辽阳,"59.0	",提升月均体检分-生意贷-8月,0,未触犯红线,未触犯红线
"雨诺花坊	","9608870	",保定,"63.0	",提升月均体检分-生意贷-8月,0,未触犯红线,未触犯红线
"幸运小葵花艺馆（教师节向日葵，康乃馨，玫瑰）	","9609014	",百色,"79.0	",提升月均体检分-生意贷-8月,299,未触犯红线,未触犯红线
"娜时花开（七夕情人节，表白，鲜花）	","9615401	",鸡西,"70.0	",提升月均体检分-生意贷-8月,0,未触犯红线,未触犯红线
"沾花惹草（七夕情人节，表白，鲜花）	","9615402	",鸡西,"68.0	",提升月均体检分-生意贷-8月,0,未触犯红线,未触犯红线
"铂尔曼花都（七夕情人节，表白，鲜花）	","9615403	",沈阳,"56.0	",提升月均体检分-生意贷-8月,0,未触犯红线,未触犯红线
"花开半夏（七夕情人节，表白，鲜花）	","9615404	",沈阳,"63.0	",提升月均体检分-生意贷-8月,0,未触犯红线,未触犯红线
"花博士花屋（七夕预定，表白，鲜花）	","9615405	",深圳,"61.0	",提升月均体检分-生意贷-8月,0,未触犯红线,未触犯红线
"生如夏花（沙河西路店）	","9615406	",深圳,"59.0	",提升月均体检分-生意贷-8月,0,未触犯红线,未触犯红线
"蒽嘉花艺工作室	","9615407	",广元,"62.0	",--,0,未触犯红线,未触犯红线
"俪缘花店・七夕鲜花	","9615408	",邢台,"76.0	",提升月均体检分-生意贷-8月,298,未触犯红线,未触犯红线
"潘朵拉・七夕鲜花	","9615409	",昌吉回族自治州,"67.0	",提升月均体检分-生意贷-8月,0,未触犯红线,未触犯红线
"陶渊芳谷	","9615410	",晋城,"80.0	",提升月均体检分-生意贷-8月,0,未触犯红线,未触犯红线
"花生活鲜花（爱丽丝高速时代城店）	","9615411	",合肥,"83.0	",提升月均体检分-生意贷-8月,0,未触犯红线,未触犯红线
"鲜花店（海恒社区店）	","9615414	",合肥,"83.0	",提升月均体检分-生意贷-8月,0,未触犯红线,未触犯红线
"沫沫鲜花	","9615415	",平顶山,"74.0	",提升月均体检分-生意贷-8月,0,未触犯红线,未触犯红线
"瑞羽花屋	","9615417	",南通,"59.0	",提升月均体检分-生意贷-8月,0,未触犯红线,未触犯红线
"花夫籽花店・七夕鲜花	","9616887	",南宁,"56.0	",提升月均体检分-生意贷-8月,314,未触犯红线,未触犯红线
"花生活鲜花（鲜花物语）	","9616888	",合肥,"75.0	",提升月均体检分-生意贷-8月,0,未触犯红线,未触犯红线
"温馨花艺（七夕节日，表白，鲜花）	","9616889	",常德,"65.0	",提升月均体检分-生意贷-8月,0,未触犯红线,未触犯红线
"后花园・七夕鲜花	","9616890	",池州,"79.0	",提升月均体检分-生意贷-8月,0,未触犯红线,未触犯红线
"匠心花艺馆・七夕鲜花	","9616920	",包头,"72.0	",提升月均体检分-生意贷-8月,0,未触犯红线,未触犯红线
"花仙子・七夕鲜花	","9616921	",包头,"77.0	",提升月均体检分-生意贷-8月,0,未触犯红线,未触犯红线
"花之家花坊（七夕预定，表白，鲜花）	","9616922	",衡水,"76.0	",提升月均体检分-生意贷-8月,0,未触犯红线,未触犯红线
"好百年花店（七夕情人节，告白，鲜花）	","9616923	",达州,"78.0	",提升月均体检分-生意贷-8月,0,未触犯红线,未触犯红线
"那一朵花店	","9616924	",自贡,"79.0	",提升月均体检分-生意贷-8月,0,未触犯红线,未触犯红线
"花汐故里	","9616925	",七台河,"55.0	",提升月均体检分-生意贷-8月,278,未触犯红线,未触犯红线
"甜蜜蜜庆典	","9616926	",湘潭,"64.0	",提升月均体检分-生意贷-8月,0,未触犯红线,未触犯红线
"鲜花绿植（七夕情人节，告白，生日）	","9616927	",北京,"59.0	",提升月均体检分-生意贷-8月,0,未触犯红线,未触犯红线
"幸福花舞（七夕情人节，表白，鲜花）	","9616993	",信阳,"64.0	",提升月均体检分-生意贷-8月,0,未触犯红线,未触犯红线
"金喜缘鲜花批发・七夕鲜花	","9616994	",宿迁,"67.0	",提升月均体检分-生意贷-8月,0,未触犯红线,未触犯红线
"馨语鲜花（七夕情人节，告白，生日）	","9619250	",咸阳,"79.0	",提升月均体检分-生意贷-8月,0,未触犯红线,未触犯红线
"smiLe花店（七夕情人节，告白，鲜花）	","9619251	",南京,"83.0	",提升月均体检分-生意贷-8月,0,未触犯红线,未触犯红线
"怦怦花艺（七夕情人节，告白，生日）	","9619338	",济南,"73.0	",提升月均体检分-生意贷-8月,784,未触犯红线,未触犯红线
"甜蜜花派	","9619422	",宣城,"53.0	",提升月均体检分-生意贷-8月,0,未触犯红线,未触犯红线
"Amor花店	","9619423	",喀什地区,"57.0	",提升月均体检分-生意贷-8月,0,未触犯红线,未触犯红线
"天天鲜花婚庆（七夕情人节，告白，生日）	","9619424	",衡水,"79.0	",提升月均体检分-生意贷-8月,0,未触犯红线,未触犯红线
"丘比特鲜花	","9619466	",喀什地区,"58.0	",--,298,未触犯红线,未触犯红线
"花玉轩（七夕情人节，告白，生日）	","9619468	",淮南,"75.0	",提升月均体检分-生意贷-8月,0,未触犯红线,未触犯红线
"唯美鲜花园艺（七夕情人节，告白，生日）	","9619721	",郴州,"75.0	",提升月均体检分-生意贷-8月,0,未触犯红线,未触犯红线
"锦尚缘婚庆・七夕鲜花	","9620506	",包头,"73.0	",提升月均体检分-生意贷-8月,0,未触犯红线,未触犯红线
"爱都花艺・七夕鲜花	","9620568	",芜湖,"65.0	",提升月均体检分-生意贷-8月,0,未触犯红线,未触犯红线
"弗洛拉・七夕鲜花	","9620569	",黔西南布依族苗族自治州,"60.0	",提升月均体检分-生意贷-8月,0,未触犯红线,未触犯红线
"初见花艺	","9620570	",濮阳,"71.0	",提升月均体检分-生意贷-8月,374,未触犯红线,未触犯红线
"迪艺馨花坊	","9621342	",运城,"66.0	",提升月均体检分-生意贷-8月,0,未触犯红线,未触犯红线
"唯美鲜花园艺（七夕情人节，告白，鲜花）	","9621811	",郴州,"76.0	",提升月均体检分-生意贷-8月,0,未触犯红线,未触犯红线
"芙罗拉花艺・七夕鲜花	","9621812	",驻马店,"78.0	",提升月均体检分-生意贷-8月,0,未触犯红线,未触犯红线
"花开时间	","9624708	",南京,"78.0	",提升月均体检分-生意贷-8月,0,未触犯红线,未触犯红线
"芙罗拉花坊・七夕鲜花	","9628422	",海口,"81.0	",提升月均体检分-生意贷-8月,0,未触犯红线,未触犯红线
"温馨花店（七夕节日，表白，鲜花）	","9629132	",上海,"66.0	",提升月均体检分-生意贷-8月,176,未触犯红线,未触犯红线
"尚品花艺（七夕情人节，告白，生日）	","9629133	",保定,"61.0	",提升月均体检分-生意贷-8月,0,未触犯红线,未触犯红线
"虎娃鲜花（七夕生日表白铁西店）	","9629134	",桂林,"71.0	",提升月均体检分-生意贷-8月,0,未触犯红线,未触犯红线
"月月花屋（七夕预定，表白，鲜花）	","9629135	",苏州,"68.0	",提升月均体检分-生意贷-8月,0,未触犯红线,未触犯红线
"左明利鲜花店（七夕节日，表白，鲜花）	","9629136	",苏州,"58.0	",--,0,未触犯红线,未触犯红线
"久久花艺（七夕节日，表白，鲜花）	","9629137	",运城,"60.0	",提升月均体检分-生意贷-8月,0,未触犯红线,未触犯红线
"沐阳花坊（七夕情人节，礼物，鲜花）	","9629138	",商洛,"73.0	",提升月均体检分-生意贷-8月,0,未触犯红线,未触犯红线
"晓明姐姐手工花坊	","9629139	",南京,"79.0	",提升月均体检分-生意贷-8月,352,未触犯红线,未触犯红线
"花瓣里・七夕鲜花	","9629140	",包头,"67.0	",提升月均体检分-生意贷-8月,0,未触犯红线,未触犯红线
"心连心鲜花婚庆（七夕情人节，表白，鲜花）	","9629175	",德阳,"47.0	",--,984,未触犯红线,未触犯红线
"鹿角花坊（七夕情人节，告白，鲜花）	","9629176	",上海,"82.0	",提升月均体检分-生意贷-8月,0,未触犯红线,未触犯红线
"花千朵花坊・七夕鲜花	","9629207	",滨州,"82.0	",提升月均体检分-生意贷-8月,0,未触犯红线,未触犯红线
"倾心花坊(生日鲜花丶开业花篮)	","9629955	",宁波,"66.0	",提升月均体检分-生意贷-8月,0,未触犯红线,未触犯红线
"城城婚庆鲜花店	","9630264	",辽源,"72.0	",提升月均体检分-生意贷-8月,0,未触犯红线,未触犯红线
"花鲜谷	","9630681	",商丘,"57.0	",提升月均体检分-生意贷-8月,0,未触犯红线,未触犯红线
"牵手花艺（七夕预定，表白，鲜花）	","9631770	",濮阳,"53.0	",提升月均体检分-生意贷-8月,176,未触犯红线,未触犯红线
"钟爱Flower（七夕预定，表白，鲜花）	","9636922	",上海,"62.0	",--,0,未触犯红线,未触犯红线
"创意花店・七夕鲜花	","9636924	",昆明,"80.0	",提升月均体检分-生意贷-8月,0,未触犯红线,未触犯红线
"花为媒鲜花店	","9636926	",扬州,"79.0	",提升月均体检分-生意贷-8月,228,未触犯红线,未触犯红线
"艺花园	","9636927	",宜春,"77.0	",提升月均体检分-生意贷-8月,0,未触犯红线,未触犯红线
"发连花艺（七夕预定，表白，鲜花）	","9636929	",安阳,"69.0	",提升月均体检分-生意贷-8月,0,未触犯红线,未触犯红线
"美誉鲜花	","9638179	",青岛,"81.0	",提升月均体检分-生意贷-8月,0,未触犯红线,未触犯红线
"四新花卉・七夕鲜花	","9644106	",周口,"52.0	",提升月均体检分-生意贷-8月,0,未触犯红线,未触犯红线
"向日葵花店・七夕鲜花	","9647263	",潍坊,"58.0	",提升月均体检分-生意贷-8月,0,未触犯红线,未触犯红线
"玫瑰园	","9647338	",永州,"62.0	",提升月均体检分-生意贷-8月,606,未触犯红线,未触犯红线
"百合花艺（七夕节日，表白，鲜花）	","9648571	",重庆,"53.0	",提升月均体检分-生意贷-8月,138,未触犯红线,未触犯红线
"娄阑花艺	","9649135	",台州,"65.0	",--,659.9,未触犯红线,未触犯红线
"怜花轩・七夕鲜花	","9650535	",昆明,"75.0	",提升月均体检分-生意贷-8月,0,未触犯红线,未触犯红线
"花海阁婚庆花艺	","9650538	",淮安,"77.0	",提升月均体检分-生意贷-8月,0,未触犯红线,未触犯红线
"水培花艺（七夕节日，表白，鲜花）	","9650544	",呼和浩特,"60.0	",提升月均体检分-生意贷-8月,0,未触犯红线,未触犯红线
"刘岚鲜花	","9652804	",临沂,"79.0	",提升月均体检分-生意贷-8月,0,未触犯红线,未触犯红线
"花之园鲜花	","9653396	",安阳,"72.0	",提升月均体检分-生意贷-8月,0,未触犯红线,未触犯红线
"茉里・七夕鲜花	","9653398	",徐州,"65.0	",提升月均体检分-生意贷-8月,0,未触犯红线,未触犯红线
"袭人花店・七夕鲜花	","9653400	",漯河,"80.0	",提升月均体检分-生意贷-8月,0,未触犯红线,未触犯红线
"倾城花艺	","9653439	",襄阳,"70.0	",提升月均体检分-生意贷-8月,0,未触犯红线,未触犯红线
"花开富贵・七夕鲜花	","9653440	",池州,"63.0	",--,0,未触犯红线,未触犯红线
"零距离花艺	","9656666	",台州,"72.0	",提升月均体检分-生意贷-8月,0,未触犯红线,未触犯红线
"豆蔻花坊	","9663328	",岳阳,"57.0	",提升月均体检分-生意贷-8月,76.6,未触犯红线,未触犯红线
"鹏瞩花业	","9665018	",凉山彝族自治州,"73.0	",提升月均体检分-生意贷-8月,0,未触犯红线,未触犯红线
"花阁・七夕鲜花	","9670949	",锦州,"69.0	",--,0,未触犯红线,未触犯红线
"花开相爱・七夕鲜花	","9670951	",中山,"78.0	",提升月均体检分-生意贷-8月,0,未触犯红线,未触犯红线
"雨花香鲜花	","9670952	",乌鲁木齐,"54.0	",--,0,未触犯红线,未触犯红线
"喜福来鲜花	","9670955	",安阳,"56.0	",提升月均体检分-生意贷-8月,0,未触犯红线,未触犯红线
"雪艳鲜花	","9673888	",驻马店,"78.0	",提升月均体检分-生意贷-8月,0,未触犯红线,未触犯红线
"玫瑰佳人花卉店	","9674535	",阜阳,"63.0	",--,0,未触犯红线,未触犯红线
"花草集・七夕鲜花	","9675519	",宿迁,"59.0	",提升月均体检分-生意贷-8月,0,未触犯红线,未触犯红线
"屯爵花卉・七夕鲜花	","9678087	",江门,"61.0	",--,0,未触犯红线,未触犯红线
"喜多多婚庆	","9687527	",石家庄,"77.0	",提升月均体检分-生意贷-8月,0,未触犯红线,未触犯红线
"ELOL・花舍	","9687528	",沈阳,"59.0	",--,0,未触犯红线,未触犯红线
"湘湘鲜花坊（柴岗分店）	","9687529	",周口,"66.0	",提升月均体检分-生意贷-8月,0,未触犯红线,未触犯红线
"一朵花艺	","9687530	",牡丹江,"62.0	",提升月均体检分-生意贷-8月,0,未触犯红线,未触犯红线
"梧桐雨鲜花店	","9687531	",丹东,"74.0	",提升月均体检分-生意贷-8月,0,未触犯红线,未触犯红线
"樱木花都	","9687533	",兰州,"51.0	",--,233,未触犯红线,未触犯红线
"花漾人生・教师节鲜花	","9687535	",荆门,"83.0	",提升月均体检分-生意贷-8月,0,未触犯红线,未触犯红线
"1花汇	","9687570	",楚雄彝族自治州,"74.0	",提升月均体检分-生意贷-8月,0,未触犯红线,未触犯红线
"花印象花艺工作室	","9687573	",鞍山,"67.0	",提升月均体检分-生意贷-8月,0,未触犯红线,未触犯红线
"遇见花艺馆	","9687574	",镇江,"64.0	",提升月均体检分-生意贷-8月,0,未触犯红线,未触犯红线
"芳汀花店・七夕鲜花	","9688007	",武汉,"60.0	",提升月均体检分-生意贷-8月,0,未触犯红线,未触犯红线
"花漾人生花店・七夕鲜花	","9688536	",温州,"67.0	",提升月均体检分-生意贷-8月,0,未触犯红线,未触犯红线
"MissYou花艺工作室	","9688538	",连云港,"57.0	",提升月均体检分-生意贷-8月,264,未触犯红线,未触犯红线
"昕悦花房	","9691750	",酒泉,"62.0	",提升月均体检分-生意贷-8月,0,未触犯红线,未触犯红线
"花嫁喜铺鲜花	","9693778	",盘锦,"69.0	",提升月均体检分-生意贷-8月,0,未触犯红线,未触犯红线
"薇艺鲜花	","9703670	",酒泉,"62.0	",提升月均体检分-生意贷-8月,0,未触犯红线,未触犯红线
"小鹿与花鲜花店	","9703796	",淮安,"52.0	",--,0,未触犯红线,未触犯红线
"栀子花开	","9704439	",荆门,"64.0	",提升月均体检分-生意贷-8月,0,未触犯红线,未触犯红线
"朝阳园艺（金融港鲜花店)	","9704569	",合肥,"78.0	",提升月均体检分-生意贷-8月,0,未触犯红线,未触犯红线
"铭铭花店	","9704571	",河源,"76.0	",提升月均体检分-生意贷-8月,0,未触犯红线,未触犯红线
"花语花艺・七夕鲜花	","9704572	",南昌,"63.0	",提升月均体检分-生意贷-8月,0,未触犯红线,未触犯红线
"凡花小筑	","9704573	",日照,"76.0	",提升月均体检分-生意贷-8月,0,未触犯红线,未触犯红线
"白洁之花	","9704574	",南充,"72.0	",提升月均体检分-生意贷-8月,0,未触犯红线,未触犯红线
"娜时花开	","9704576	",自贡,"63.0	",提升月均体检分-生意贷-8月,0,未触犯红线,未触犯红线
"一朵	","9704578	",石家庄,"62.0	",--,0,未触犯红线,未触犯红线
"品尚花店・鲜花・生日礼物	","9704579	",淮安,"64.0	",--,0,未触犯红线,未触犯红线
"眉州花艺	","9705211	",眉山,"58.0	",--,0,未触犯红线,未触犯红线
"唯美花艺	","9705212	",宜宾,"83.0	",提升月均体检分-生意贷-8月,0,未触犯红线,未触犯红线
"妙语花香	","9713957	",重庆,"81.0	",提升月均体检分-生意贷-8月,0,未触犯红线,未触犯红线
"星语星花坊	","9713958	",杭州,"81.0	",提升月均体检分-生意贷-8月,0,未触犯红线,未触犯红线
"佳缘花艺	","9713959	",成都,"53.0	",--,0,未触犯红线,未触犯红线
"柒月拾花	","9713960	",唐山,"69.0	",提升月均体检分-生意贷-8月,0,未触犯红线,未触犯红线
"公主鲜花店	","9713961	",池州,"57.0	",--,0,未触犯红线,未触犯红线
"琪琪花店	","9713962	",安庆,"69.0	",提升月均体检分-生意贷-8月,228,未触犯红线,未触犯红线
"花蓓花艺婚庆馆	","9713963	",遵义,"74.0	",提升月均体检分-生意贷-8月,0,未触犯红线,未触犯红线
"花唯媒	","9715468	",黔南布依族苗族自治州,"65.0	",提升月均体检分-生意贷-8月,955,未触犯红线,未触犯红线
"紫桐鲜花	","9715470	",衡水,"63.0	",--,0,未触犯红线,未触犯红线
"别处生花	","9718690	",梧州,"63.0	",提升月均体检分-生意贷-8月,0,未触犯红线,未触犯红线
"花妍花语・教师节鲜花	","9720070	",怀化,"78.0	",提升月均体检分-生意贷-8月,0,未触犯红线,未触犯红线
"花开相爱	","9720811	",沈阳,"49.0	",--,65,未触犯红线,未触犯红线
"怡情缘花生活	","9723609	",铁岭,"75.0	",提升月均体检分-生意贷-8月,0,未触犯红线,未触犯红线
"唯e爱花坊	","9723610	",芜湖,"78.0	",提升月均体检分-生意贷-8月,0,未触犯红线,未触犯红线
"艾诺鲜花（七夕预定，告白，生日，礼物鲜花）	","9723612	",济宁,"74.0	",提升月均体检分-生意贷-8月,0,未触犯红线,未触犯红线
"壬癸鲜花	","9724666	",文山州,"74.0	",提升月均体检分-生意贷-8月,0,未触犯红线,未触犯红线
"湘湘鲜花坊・七夕鲜花	","9725013	",周口,"80.0	",提升月均体检分-生意贷-8月,0,未触犯红线,未触犯红线
"花阁	","9725349	",金华,"61.0	",--,0,未触犯红线,未触犯红线
"美尚美花坊	","9725640	",南通,"51.0	",--,170,未触犯红线,未触犯红线
"禧溪花坊	","9726130	",杭州,"77.0	",提升月均体检分-生意贷-8月,0,未触犯红线,未触犯红线
"情意浓花卉（七夕预定，表白，鲜花）	","9740903	",昆明,"62.0	",提升月均体检分-生意贷-8月,0,未触犯红线,未触犯红线
"天下花	","9740904	",呼伦贝尔,"73.0	",--,0,未触犯红线,未触犯红线
"金百合鲜花坊	","9741754	",潍坊,"68.0	",提升月均体检分-生意贷-8月,0,未触犯红线,未触犯红线
"洁子花店	","9754988	",合肥,"76.0	",提升月均体检分-生意贷-8月,0,未触犯红线,未触犯红线
"寻花集花艺	","9754989	",合肥,"60.0	",--,0,未触犯红线,未触犯红线
"情窦初开・七夕鲜花	","9754990	",金华,"68.0	",提升月均体检分-生意贷-8月,0,未触犯红线,未触犯红线
"禾朵花坊	","9754991	",青岛,"58.0	",提升月均体检分-生意贷-8月,0,未触犯红线,未触犯红线
"遇见花开	","9756277	",吕梁,"68.0	",提升月均体检分-生意贷-8月,0,未触犯红线,未触犯红线
"四季鲜花	","9756278	",日照,"72.0	",提升月均体检分-生意贷-8月,0,未触犯红线,未触犯红线
"花漾拾光	","9756324	",北京,"79.0	",提升月均体检分-生意贷-8月,0,未触犯红线,未触犯红线
"花点时间	","9756325	",黄石,"62.0	",--,0,未触犯红线,未触犯红线
"耘梦花坊	","9756326	",苏州,"77.0	",提升月均体检分-生意贷-8月,0,未触犯红线,未触犯红线
"惜缘花业	","9756327	",安庆,"64.0	",提升月均体检分-生意贷-8月,0,未触犯红线,未触犯红线
"槿妍花舍	","9760957	",渭南,"70.0	",提升月均体检分-生意贷-8月,0,未触犯红线,未触犯红线
"花世界	","9766741	",重庆,"62.0	",提升月均体检分-生意贷-8月,264,未触犯红线,未触犯红线
"忆花谷	","9766742	",成都,"57.0	",提升月均体检分-生意贷-8月,264,未触犯红线,未触犯红线
"花匠花艺・七夕鲜花	","9766743	",南昌,"61.0	",提升月均体检分-生意贷-8月,0,未触犯红线,未触犯红线
"彩虹花艺	","9767190	",郑州,"72.0	",提升月均体检分-生意贷-8月,0,未触犯红线,未触犯红线
"熙家花园	","9770668	",延边朝鲜族自治州,"73.0	",提升月均体检分-生意贷-8月,0,未触犯红线,未触犯红线
"四叶草（花坊）	","9771492	",保定,"73.0	",提升月均体检分-生意贷-8月,0,未触犯红线,未触犯红线
"如意鲜花婚庆	","9775252	",松原,"75.0	",提升月均体检分-生意贷-8月,0,未触犯红线,未触犯红线
"花品飘香（天竺路店）	","9775254	",红河州,"66.0	",--,138,未触犯红线,未触犯红线
"花好月缘	","9776746	",重庆,"75.0	",提升月均体检分-生意贷-8月,0,未触犯红线,未触犯红线
"心意花屋	","9783774	",湘潭,"63.0	",提升月均体检分-生意贷-8月,0,未触犯红线,未触犯红线
"蒂留香花艺	","9785818	",杭州,"53.0	",--,0,未触犯红线,未触犯红线
"丽娜花卉	","9785819	",南宁,"75.0	",提升月均体检分-生意贷-8月,0,未触犯红线,未触犯红线
"唯美花艺	","9785821	",阳泉,"72.0	",提升月均体检分-生意贷-8月,0,未触犯红线,未触犯红线
"偶遇花店	","9786197	",衡水,"60.0	",--,0,未触犯红线,未触犯红线
"花仙子鲜花	","9788858	",临汾,"57.0	",--,0,未触犯红线,未触犯红线
"丁马花艺	","9788967	",南宁,"50.0	",--,314,未触犯红线,未触犯红线
"花芊谷花艺七夕花店	","9797278	",成都,"54.0	",提升月均体检分-生意贷-8月,264,未触犯红线,未触犯红线
"小怪兽花艺婚庆	","9800806	",衡阳,"73.0	",--,0,未触犯红线,未触犯红线
"温馨花店	","9803682	",青岛,"63.0	",--,0,未触犯红线,未触犯红线
"乐乐花坊	","9803683	",咸宁,"60.0	",--,0,未触犯红线,未触犯红线
"花印象花店	","9803684	",肇庆,"52.0	",--,431.2,未触犯红线,未触犯红线
"初见花艺	","9803685	",北京,"73.0	",提升月均体检分-生意贷-8月,0,未触犯红线,未触犯红线
"拾间花艺	","9803686	",昆明,"77.0	",--,0,未触犯红线,未触犯红线
"浪漫花都	","9803728	",青岛,"57.0	",--,0,未触犯红线,未触犯红线
"满天星花艺	","9803729	",深圳,"53.0	",提升月均体检分-生意贷-8月,0,未触犯红线,未触犯红线
"礼颂花艺	","9803730	",六安,"77.0	",--,0,未触犯红线,未触犯红线
"花兮花艺生活馆	","9803789	",绵阳,"53.0	",--,370,未触犯红线,未触犯红线
"花匠	","9803790	",安康,"56.0	",--,0,未触犯红线,未触犯红线
"生如夏花	","9805473	",杭州,"75.0	",--,0,未触犯红线,未触犯红线
"陶莉花艺	","9805717	",上海,"74.0	",--,0,未触犯红线,未触犯红线
"秘密花园	","9805758	",贵阳,"45.0	",--,0,未触犯红线,未触犯红线
"青雀花艺	","9809260	",南京,"60.0	",--,0,未触犯红线,未触犯红线
"爱之漫	","9810227	",张家口,"62.0	",--,0,未触犯红线,未触犯红线
"遇见花艺工作室	","9810229	",咸宁,"63.0	",--,0,未触犯红线,未触犯红线
"荔枝花艺馆	","9810231	",葫芦岛,"76.0	",--,228,未触犯红线,未触犯红线
"知意花坊	","9841887	",广州,"57.0	",--,0,未触犯红线,未触犯红线
"琥珀唯美婚庆	","9841965	",合肥,"64.0	",--,0,未触犯红线,未触犯红线
"日日鲜花	","9843483	",江门,"70.0	",提升月均体检分-生意贷-8月,0,未触犯红线,未触犯红线
"植得	","9844538	",张家口,"61.0	",--,0,未触犯红线,未触犯红线
"馨芳鲜花	","9848058	",衡阳,"74.0	",--,372,未触犯红线,未触犯红线
"真爱花店・教师节鲜花	","9851360	",信阳,"75.0	",--,0,未触犯红线,未触犯红线
"琪琪花店	","9851361	",西双版纳傣族自治州,"53.0	",--,264,未触犯红线,未触犯红线
"时光花田	","9851462	",巴中,"78.0	",--,0,未触犯红线,未触犯红线
"丽君花卉	","9852010	",鹰潭,"63.0	",--,0,未触犯红线,未触犯红线
"浮生花事	","9852793	",泸州,"80.0	",--,0,未触犯红线,未触犯红线
"艺轩鲜花花艺盆景	","9855476	",泉州,"81.0	",--,0,未触犯红线,未触犯红线
"花言巧语	","9855477	",石家庄,"57.0	",--,0,未触犯红线,未触犯红线
"百合鲜花	","9855480	",上海,"52.0	",--,0,未触犯红线,未触犯红线
"与甜花艺生活馆	","9860364	",岳阳,"56.0	",--,844,未触犯红线,未触犯红线
"晓雅冰花艺	","9863450	",聊城,"63.0	",--,0,未触犯红线,未触犯红线
"向日葵花艺	","9863451	",威海,"80.0	",--,0,未触犯红线,未触犯红线
"花语容花艺	","9863529	",安庆,"74.0	",--,88,未触犯红线,未触犯红线
"爱心花店	","9863531	",曲靖,"73.0	",--,0,未触犯红线,未触犯红线
"玉霞花坊	","9863532	",长沙,"52.0	",--,228,未触犯红线,未触犯红线
"花雅	","9863533	",柳州,"50.0	",--,264,未触犯红线,未触犯红线
"棒棒堂花艺	","9863718	",焦作,"61.0	",--,0,未触犯红线,未触犯红线
"fashion鲜花店	","9864045	",北京,"82.0	",--,0,未触犯红线,未触犯红线
"阳光花雨・教师节鲜花	","9878843	",桂林,"61.0	",--,0,未触犯红线,未触犯红线
"鲜花店	","9878926	",北京,"53.0	",--,0,未触犯红线,未触犯红线
"鲜花店	","9884923	",襄阳,"64.0	",--,0,未触犯红线,未触犯红线
"火凤凰鲜花店	","9888100	",廊坊,"61.0	",--,0,未触犯红线,未触犯红线
"花甜时间	","9890083	",许昌,"63.0	",--,0,未触犯红线,未触犯红线
"金玫瑰	","9892773	",赣州,"66.0	",--,0,未触犯红线,未触犯红线
"伊人花店	","9892777	",徐州,"68.0	",--,0,未触犯红线,未触犯红线
"LiSa花艺	","9892779	",济南,"62.0	",--,0,未触犯红线,未触犯红线
"花槿花艺（鲜花，告白花，生日花）	","9892780	",宿迁,"63.0	",--,0,未触犯红线,未触犯红线
"一朵花艺生活馆	","9892781	",赣州,"70.0	",--,0,未触犯红线,未触犯红线
"缘起花店	","9892783	",泰州,"58.0	",--,0,未触犯红线,未触犯红线
"等你花舍・教师节鲜花	","9893100	",济南,"59.0	",--,0,未触犯红线,未触犯红线
"花仙花坊	","9893101	",马鞍山,"60.0	",--,0,未触犯红线,未触犯红线
"现代花店	","9897912	",荆州,"78.0	",--,0,未触犯红线,未触犯红线
"御技花匠	","9909738	",百色,"59.0	",--,0,未触犯红线,未触犯红线
"1314花艺馆	","9909739	",荆门,"65.0	",--,0,未触犯红线,未触犯红线
"禾朵花艺	","9909740	",巴中,"76.0	",--,0,未触犯红线,未触犯红线
"钟情花坊	","9909741	",济南,"72.0	",--,0,未触犯红线,未触犯红线
"心采鲜花	","9909742	",北海,"53.0	",--,0,未触犯红线,未触犯红线
"等你花舍	","9909744	",茂名,"53.0	",--,1274,未触犯红线,未触犯红线
"鲜花坊	","9918328	",赣州,"59.0	",--,0,未触犯红线,未触犯红线
"梦想花屋	","9918329	",盐城,"56.0	",--,0,未触犯红线,未触犯红线
"花仙子花坊	","9922533	",聊城,"61.0	",--,0,未触犯红线,未触犯红线
"紫茂婚庆	","9923830	",长沙,"51.0	",--,732,未触犯红线,未触犯红线
"法式花艺	","9923832	",孝感,"56.0	",--,0,未触犯红线,未触犯红线
"心语鲜花	","9923836	",拉萨,"55.0	",--,492,未触犯红线,未触犯红线
"遇花缘	","9932364	",北京,"73.0	",--,0,未触犯红线,未触犯红线
"花创花艺	","9932365	",苏州,"74.0	",--,0,未触犯红线,未触犯红线
"欣欣鲜花庆典	","9932368	",鞍山,"55.0	",--,0,未触犯红线,未触犯红线
"花仙子鲜花店	","9932661	",贵阳,"72.0	",--,0,未触犯红线,未触犯红线
